coin,chain,chainType,addressDeposit,tagDeposit,batchReleaseLimit,deposit_contractAddress_last6,coininfo_contractAddress_full,chainDeposit,chainWithdraw,confirmation,safeConfirmNumber,depositMin,withdrawMin,minAccuracy,withdrawFee,withdrawPercentageFee
0G,BSC,BSC (BEP20),0x8e1703b42c662cdf8460af3735351ab2a3711e67,,-1,35b3eE,0x4B948d64dE1F71fCd12fB586f4c776421a35b3eE,1,1,60,60,0.001,0.6,8,0.3,0
1INCH,ETH,Ethereum (ERC20),0x8e1703b42c662cdf8460af3735351ab2a3711e67,,-1,20c302,0x111111111117dc0aa78b770fa6a738034120c302,1,1,6,64,0.01,20,8,20,0
2Z,SOL,SOL,H9J4iqxRZZeDAzux33GdZqk3frX5tcGCZdGoU5tVLCzx,,-1,feMfvd,J6pQQ3FAcJQeWPPGppWRb4nM8jU3wLyYbRrLh7feMfvd,1,1,200,200,0.01,4,8,3.5,0
A,EOS,Vaulta,bybitdeposit,500091839,-1,vaulta,core.vaulta,1,1,1,1,0.0001,2,4,0.5,0
A8,ETH,Ethereum (ERC20),0x8e1703b42c662cdf8460af3735351ab2a3711e67,,-1,4062dF,0x3E5A19c91266aD8cE2477B91585d1856B84062dF,1,1,6,64,0.1,20,8,20,0
AAPLX,SOL,SOL,H9J4iqxRZZeDAzux33GdZqk3frX5tcGCZdGoU5tVLCzx,,-1,RLJzJp,XsbEhLAtcf6HdfpFZ5xEMdqW8nfAvcsP5bdudRLJzJp,1,1,200,200,0.00001,0.01,8,0.005,0
AAVE,ETH,Ethereum (ERC20),0x8e1703b42c662cdf8460af3735351ab2a3711e67,,-1,2ddae9,0x7fc66500c84a76ad7e9c93437bfc5ac33e2ddae9,1,1,6,64,0.00001,0.025,8,0.01,0
ACH,ETH,Ethereum (ERC20),0x8e1703b42c662cdf8460af3735351ab2a3711e67,,-1,23143d,0xed04915c23f00a313a544955524eb7dbd823143d,1,1,6,64,0.1,113,8,113,0
ACS,SOL,SOL,H9J4iqxRZZeDAzux33GdZqk3frX5tcGCZdGoU5tVLCzx,,-1,AhDS5y,5MAYDfq5yxtudAhtfyuMBuHZjgAbaS9tbEyEQYAhDS5y,1,1,200,200,0.000001,380,6,1000,0
ADA,ADA,ADA,addr1v9hfw5ezh07rt3eehhqcqxfjzky02z5qsaj3dpnezhaszhgrgu77x,,-1,,,1,1,15,70,1,10,6,0.8,0
AERO,BASE,BASE,0x8e1703b42c662cdf8460af3735351ab2a3711e67,,-1,D98631,0x940181a94A35A4569E4529A3CDfB74e38FD98631,1,1,30,1800,0.001,0.5,8,0.5,0
AEVO,ETH,Ethereum (ERC20),0x8e1703b42c662cdf8460af3735351ab2a3711e67,,-1,13b997,0xB528edBef013aff855ac3c50b381f253aF13b997,1,1,6,64,0.1,8,8,8,0
AFC,CHILIZ,Chiliz Chain,0x8e1703b42c662cdf8460af3735351ab2a3711e67,,-1,92550b,0x1d4343d35f0E0e14C14115876D01dEAa4792550b,1,1,30,60,1,1,0,0,0
AGI,ETH,Ethereum (ERC20),0x8e1703b42c662cdf8460af3735351ab2a3711e67,,-1,0C3046,0x7dA2641000Cbb407C329310C461b2cB9c70C3046,1,1,6,64,0.1,20,8,20,0
AGLD,ETH,Ethereum (ERC20),0x8e1703b42c662cdf8460af3735351ab2a3711e67,,-1,489a20,0x32353a6c91143bfd6c7d363b546e62a9a2489a20,1,1,6,64,0.01,3,8,3,0
AIOZ,ETH,Ethereum (ERC20),0x8e1703b42c662cdf8460af3735351ab2a3711e67,,-1,3cBF18,0x626E8036dEB333b408Be468F951bdB42433cBF18,1,1,6,64,0.01,5,8,5,0
AIXBT,BASE,BASE,0x8e1703b42c662cdf8460af3735351ab2a3711e67,,-1,d1A825,0x4F9Fd6Be4a90f2620860d680c0d4d5Fb53d1A825,1,1,30,1800,0.1,2,8,2,0
ALCH,SOL,SOL,H9J4iqxRZZeDAzux33GdZqk3frX5tcGCZdGoU5tVLCzx,,-1,NApump,HNg5PYJmtqcmzXrv6S9zP1CDKk5BgDuyFBxbvNApump,1,1,200,200,0.000001,25,6,25,0
ALGO,ALGO,ALGO,Z65ECQJOCR5LWCZURCUONOS4PETWVGMEAFM52WU5EBSI2RWMHMLUIXHOAI,,-1,,,1,1,1,1,0.03,10,6,0.01,0
ALMANAK,ARBI,Arbitrum One,0x8e1703b42c662cdf8460af3735351ab2a3711e67,,-1,7cc3a3,0xDeFA1D21c5F1cbeac00eeB54B44C7D86467cc3a3,1,0,120,3360,0,60,8,30,0
ALMANAK,BSC,BSC (BEP20),0x8e1703b42c662cdf8460af3735351ab2a3711e67,,-1,7cc3a3,0xDeFA1D21c5F1cbeac00eeB54B44C7D86467cc3a3,1,0,60,60,0,60,8,30,0
ALMANAK,BASE,Base Mainnet,0x8e1703b42c662cdf8460af3735351ab2a3711e67,,-1,7cc3a3,0xDeFA1D21c5F1cbeac00eeB54B44C7D86467cc3a3,1,0,30,1800,0,60,8,30,0
ALMANAK,ETH,Ethereum (ERC20),0x8e1703b42c662cdf8460af3735351ab2a3711e67,,-1,7cc3a3,0xDeFA1D21c5F1cbeac00eeB54B44C7D86467cc3a3,1,1,6,64,0,180,8,90,0
ALMANAK,MANTLE,Mantle Network,0x8e1703b42c662cdf8460af3735351ab2a3711e67,,-1,7cc3a3,0xDeFA1D21c5F1cbeac00eeB54B44C7D86467cc3a3,1,0,100,100,0,60,8,30,0
ALT,ETH,Ethereum (ERC20),0x8e1703b42c662cdf8460af3735351ab2a3711e67,,-1,c0fbFB,0x8457CA5040ad67fdebbCC8EdCE889A335Bc0fbFB,1,1,6,64,0.1,10,8,10,0
AMI,APTOS,APTOS,0x76bb20f88d2e7e2c5028d8e9b71ab2a7c44c4a6a8713ddd724aed4a3f8fc2969,,50000000000,de6451,0xb36527754eb54d7ff55daf13bcb54b42b88ec484bd6f0e3b2e0d1db169de6451,1,1,1,1,0.1,20,8,10,0
AMZNX,SOL,SOL,H9J4iqxRZZeDAzux33GdZqk3frX5tcGCZdGoU5tVLCzx,,-1,8LLZsg,Xs3eBt7uRfJX8QUs4suhyU8p2M6DoUDrJyWBa8LLZsg,1,1,200,200,0.00001,0.01,8,0.005,0
ANIME,ARBI,ARBI,0x8e1703b42c662cdf8460af3735351ab2a3711e67,,-1,70b4B3,0x37a645648dF29205C6261289983FB04ECD70b4B3,1,0,120,3360,0.1,30,8,16,0
ANIME,ETH,ETH,0x8e1703b42c662cdf8460af3735351ab2a3711e67,,-1,24C277,0x4DC26fC5854e7648a064a4ABD590bBE71724C277,1,1,6,64,0.1,30,8,16,0
ANKR,ETH,Ethereum (ERC20),0x8e1703b42c662cdf8460af3735351ab2a3711e67,,-1,f3edd4,0x8290333cef9e6d528dd5618fb97a76f268f3edd4,1,1,6,64,0.1,130,8,130,0
APE,ETH,Ethereum (ERC20),0x8e1703b42c662cdf8460af3735351ab2a3711e67,,-1,594381,0x4d224452801aced8b2f0aebe155379bb5d594381,1,1,6,64,0.01,3.5,8,3.5,0
APEX,ARBI,Arbitrum One,0x8e1703b42c662cdf8460af3735351ab2a3711e67,,-1,0d3B56,0x61A1ff55C5216b636a294A07D77C6F4Df10d3B56,1,1,120,3360,0.001,0.4,8,0.2,0
APEX,ETH,Ethereum (ERC20),0x8e1703b42c662cdf8460af3735351ab2a3711e67,,-1,af42b8,0x52a8845df664d76c69d2eea607cd793565af42b8,1,1,6,64,0.001,2,8,2,0
APT,APTOS,APTOS,0x76bb20f88d2e7e2c5028d8e9b71ab2a7c44c4a6a8713ddd724aed4a3f8fc2969,,-1,,,1,1,1,1,0.001,0.01,8,0.01,0
AR,AR,AR,PHBL97JzGkDEDq8juRo6XywbYLkA1MR5cSRXGhXA_80,,-1,,,1,1,20,55,0.001,0.03,8,0.03,0
ARB,ARBI,Arbitrum One,0x8e1703b42c662cdf8460af3735351ab2a3711e67,,-1,9E6548,0x912CE59144191C1204E64559FE8253a0e49E6548,1,1,120,3360,0.00000001,0.4,8,0.4,0
ARKM,ETH,Ethereum (ERC20),0x8e1703b42c662cdf8460af3735351ab2a3711e67,,-1,b8b050,0x6E2a43be0B1d33b726f0CA3b8de60b3482b8b050,1,1,6,64,0.01,2,8,2,0
ARTY,BSC,BSC (BEP20),0x8e1703b42c662cdf8460af3735351ab2a3711e67,,-1,e1b324,0x617Cab4aAae1f8dfb3eE138698330776a1e1b324,1,1,60,60,0.000001,1,6,1,0
ASTER,BSC,BSC (BEP20),0x8e1703b42c662cdf8460af3735351ab2a3711e67,,-1,4f556A,0x000Ae314E2A2172a039B26378814C252734f556A,1,1,60,60,0.001,1,8,0.5,0
ATH,ETH,Ethereum (ERC20),0x8e1703b42c662cdf8460af3735351ab2a3711e67,,-1,c5226B,0xbe0Ed4138121EcFC5c0E56B40517da27E6c5226B,1,1,6,64,0.1,60,8,60,0
ATOM,ATOM,ATOM,cosmos1cek44mv4ka2qjmu909tqwtaq4uaxw253zl4s0f,,-1,,,1,1,65,65,0.001,0.015,6,0.005,0
AURORA,ETH,Ethereum (ERC20),0x8e1703b42c662cdf8460af3735351ab2a3711e67,,-1,207961,0xAaAAAA20D9E0e2461697782ef11675f668207961,1,1,6,64,0.00000001,30,8,30,0
AVA,ETH,Ethereum (ERC20),0x8e1703b42c662cdf8460af3735351ab2a3711e67,,-1,22ceB9,0xa6C0c097741D55ECd9a3A7DeF3A8253fD022ceB9,1,1,6,64,0.01,3.85,8,3.85,0
AVAIL,AVAIL,AVAIL,5Cq9FpnoUjkWjvXNJVs9mygqLNkyXoDwzQYEBP1Bjkz8x2Wy,,-1,,,1,1,5,5,0.1,0.5,8,0.5,0
AVAX,XAVAX,AVAX,X-avax1du2s3c8xwjduads68x0q7ypmyrl4z75gjk43g4,,-1,,,1,1,1,1,0.0001,0.008,8,0.008,0
AVAX,CAVAX,AVAXC,0x8e1703b42c662cdf8460af3735351ab2a3711e67,,-1,,,1,1,30,120,0.0001,0.004,8,0.004,0
AVL,BSC,BSC,0x8e1703b42c662cdf8460af3735351ab2a3711e67,,-1,Fdc202,0x9BeEE89723cEeC27d7c2834bec6834208FFdc202,1,1,60,60,0.01,80,8,40,0
AVL,ETH,ETH,0x8e1703b42c662cdf8460af3735351ab2a3711e67,,-1,7A8Fa2,0x5c8D0C48810FD37A0A824D074ee290E64f7A8Fa2,1,1,6,64,0.01,80,8,40,0
AVNT,BASE,Base Mainnet,0x8e1703b42c662cdf8460af3735351ab2a3711e67,,-1,5DF4f1,0x696F9436B67233384889472Cd7cD58A6fB5DF4f1,1,1,30,1800,0.01,2,8,0.8,0
AXL,ETH,Ethereum (ERC20),0x8e1703b42c662cdf8460af3735351ab2a3711e67,,-1,a5E5f3,0x467719aD09025FcC6cF6F8311755809d45a5E5f3,1,1,6,64,0.000001,6,6,6,0
AXS,ETH,Ethereum (ERC20),0x8e1703b42c662cdf8460af3735351ab2a3711e67,,-1,27b28b,0xbb0e17ef65f82ab018d8edd776e8dd940327b28b,1,1,6,64,0.001,0.8,8,0.8,0
B3,BASE,Base Mainnet,0x8e1703b42c662cdf8460af3735351ab2a3711e67,,-1,dDB3B3,0xB3B32F9f8827D4634fE7d973Fa1034Ec9fdDB3B3,1,1,30,1800,0.1,400,8,200,0
BABY1,BBN,Babylon,bbn1xnsyyl96k6pd0wfdg3cxqj2f2tsuk89sctghcz,,500000000,,,1,1,10,90,0.005,30,6,15,0
BABYDOGE,BSC,BSC (BEP20),0x8e1703b42c662cdf8460af3735351ab2a3711e67,,-1,02e8de,0xc748673057861a797275cd8a068abb95a902e8de,1,1,60,60,0.1,400000000,8,400000000,0
BAN,SOL,SOL,H9J4iqxRZZeDAzux33GdZqk3frX5tcGCZdGoU5tVLCzx,,-1,nSpump,9PR7nCP9DpcUotnDPVLUBUZKu5WAYkwrCUx9wDnSpump,1,1,200,200,0.000001,15,6,15,0
BARD,ETH,Ethereum (ERC20) ,0x8e1703b42c662cdf8460af3735351ab2a3711e67,,-1,6e9754,0xf0DB65D17e30a966C2ae6A21f6BBA71cea6e9754,1,1,6,64,0.001,10,8,5,0
BAT,ETH,Ethereum (ERC20),0x8e1703b42c662cdf8460af3735351ab2a3711e67,,-1,2887ef,0x0d8775f648430679a709e98d2b0cb6250d2887ef,1,1,6,64,0.01,15,8,15,0
BB,BOUNCEBIT,BounceBit,0x8e1703b42c662cdf8460af3735351ab2a3711e67,,-1,,,1,1,60,60,0.01,1,8,1,0
BBSOL,SOL,SOL,H9J4iqxRZZeDAzux33GdZqk3frX5tcGCZdGoU5tVLCzx,,-1,pLPb4B,Bybit2vBJGhPF52GBdNaQfUJ6ZpThSgHBobjWZpLPb4B,1,1,200,200,0.00001,0.002,8,0.003,0
BCH,BCH,Bitcoin Cash,16jx7QuWMcaokcFwZrAuSoaDfoNzfcQio6,,-1,,,1,1,6,6,0.000001,0.001,8,0.001,0
BDXN,ETH,Ethereum (ERC20),0x8e1703b42c662cdf8460af3735351ab2a3711e67,,-1,7CB091,0xBdBDBDd0c22888E63CB9098aD6D68439197CB091,1,1,6,64,0.1,20,8,10,0
BEAM,ETH,Ethereum (ERC20),0x8e1703b42c662cdf8460af3735351ab2a3711e67,,-1,B0bFcE,0x62D0A8458eD7719FDAF978fe5929C6D342B0bFcE,1,1,6,64,0.1,300,8,300,0
BEL,BSC,BSC (BEP20),0x8e1703b42c662cdf8460af3735351ab2a3711e67,,-1,28692f,0x8443f091997f06a61670b735ed92734f5628692f,1,0,60,60,0.0001,0.12,4,0.12,0
BEL,ETH,Ethereum (ERC20),0x8e1703b42c662cdf8460af3735351ab2a3711e67,,-1,a07e14,0xa91ac63d040deb1b7a5e4d4134ad23eb0ba07e14,1,1,6,64,0.0001,4,4,4,0
BERA,BERA,Berachain,0x8e1703b42c662cdf8460af3735351ab2a3711e67,,-1,,,1,1,12,12,0.001,0.00001,8,0.000001,0
BICO,ETH,Ethereum (ERC20),0x8e1703b42c662cdf8460af3735351ab2a3711e67,,-1,6cc6c2,0xf17e65822b568b3903685a7c9f496cf7656cc6c2,1,1,6,64,0.01,8.62,8,8.62,0
BIT,ETH,Ethereum (ERC20),0x8e1703b42c662cdf8460af3735351ab2a3711e67,,-1,0fa4c5,0x1a4b46696b2bb4794eb3d4c26f1c55f9170fa4c5,1,0,6,64,0.001,,8,,
BLAST,BLAST,BLAST,0x8e1703b42c662cdf8460af3735351ab2a3711e67,,-1,88E2ad,0xb1a5700fA2358173Fe465e6eA4Ff52E36e88E2ad,1,1,60,1200,0.1,1,8,1,0
BLUR,ETH,Ethereum (ERC20),0x8e1703b42c662cdf8460af3735351ab2a3711e67,,-1,208b44,0x5283d291dbcf85356a21ba090e6db59121208b44,1,1,6,64,0.1,10,8,10,0
BMT,SOL,SOL,H9J4iqxRZZeDAzux33GdZqk3frX5tcGCZdGoU5tVLCzx,,-1,3vErhY,FQgtfugBdpFN7PZ6NdPrZpVLDBrPGxXesi4gVu3vErhY,1,1,200,200,0.1,15,8,15,0
BNB,BSC,BSC (BEP20),0x8e1703b42c662cdf8460af3735351ab2a3711e67,,-1,,,1,1,60,60,0.0000065,0.0002,8,0.0002,0
BOBA,ETH,Ethereum (ERC20),0x8e1703b42c662cdf8460af3735351ab2a3711e67,,-1,53efbc,0x42bbfa2e77757c645eeaad1655e0911a7553efbc,1,1,6,64,0.1,20,8,20,0
BOME,SOL,Solana,H9J4iqxRZZeDAzux33GdZqk3frX5tcGCZdGoU5tVLCzx,,-1,Z74J82,ukHH6c7mMyiWCf1b9pnWe25TSpkDDt3H5pQZgZ74J82,1,1,200,200,0.000001,200,6,584.994098,0
BONK,SOL,SOL,H9J4iqxRZZeDAzux33GdZqk3frX5tcGCZdGoU5tVLCzx,,-1,pPB263,DezXAZ8z7PnrnRJjz3wXBoRgixCa6xjnB7YaB1pPB263,1,1,200,200,0.00001,50000,5,40000,0
BR,BSC,BSC (BEP20),0x8e1703b42c662cdf8460af3735351ab2a3711e67,,50000000000,f56B41,0xFf7d6A96ae471BbCD7713aF9CB1fEeB16cf56B41,1,1,60,60,0.01,20,8,10,0
BRETT,BASE,Base Mainnet,0x8e1703b42c662cdf8460af3735351ab2a3711e67,,-1,B142E4,0x532f27101965dd16442E59d40670FaF5eBB142E4,1,1,30,1800,0.1,5,8,5,0
BREV,ETH,Ethereum (ERC20),0x8e1703b42c662cdf8460af3735351ab2a3711e67,,-1,A8bfFb,0x086F405146Ce90135750Bbec9A063a8B20A8bfFb,1,1,6,64,0,5,8,2.5,0
BRZ,ETH,Ethereum (ERC20),0x8e1703b42c662cdf8460af3735351ab2a3711e67,,-1,0B1839,0x01d33FD36ec67c6Ada32cf36b31e88EE190B1839,1,1,6,64,0.01,20,8,20,0
BRZ,MATIC,Polygon PoS,0x8e1703b42c662cdf8460af3735351ab2a3711e67,,-1,2475Dc,0x4eD141110F6EeeAbA9A1df36d8c26f684d2475Dc,1,1,60,150,0.01,1,8,1,0
BRZOLD,ETH,Ethereum (ERC20),0x8e1703b42c662cdf8460af3735351ab2a3711e67,,-1,be2e2B,0x420412E765BFa6d85aaaC94b4f7b708C89be2e2B,1,1,6,64,0.0001,20,4,20,0
BRZOLD,MATIC,Polygon PoS,0x8e1703b42c662cdf8460af3735351ab2a3711e67,,-1,aD556f,0x491a4eB4f1FC3BfF8E1d2FC856a6A46663aD556f,1,1,60,150,0.0001,1,4,1,0
BTC,BTC,BTC,12uDr9PA5haFHegeMHQ1MoDckzqmwbfMax,,-1,,,1,1,1,2,0.00001,0.00027,8,0.000121,0
BTT,TRX,TRON (TRC20),TLRPtPM7UYp8MszAiUh4sSRbuMVRdnkxN8,,-1,aqnVp4,TAFjULxiVgT4qWk6UZwjqwZXTSaGaqnVp4,1,1,20,20,0.1,3000000,8,3000000,0
C98,BSC,BSC (BEP20),0x8e1703b42c662cdf8460af3735351ab2a3711e67,,-1,f1c3a6,0xaec945e04baf28b135fa7c640f624f8d90f1c3a6,1,1,60,60,0.1,0.3,8,0.3,0
CAKE,BSC,BSC (BEP20),0x8e1703b42c662cdf8460af3735351ab2a3711e67,,-1,81ce82,0x0e09fabb73bd3ade0a17ecc321fd13a19e81ce82,1,1,60,60,0.001,0.023,8,0.023,0
CAMP,CAMP,CAMP,0x8e1703b42c662cdf8460af3735351ab2a3711e67,,-1,,,1,1,10,10,0.1,0.1,8,0.1,0
CAMP,ETH,Ethereum (ERC20),0x8e1703b42c662cdf8460af3735351ab2a3711e67,,-1,4671fC,0x84EAac1B2dc3f84D92Ff84c3ec205B1FA74671fC,1,1,6,64,0.1,30,8,30,0
CARV,BASE,BASE,0x8e1703b42c662cdf8460af3735351ab2a3711e67,,-1,10AA8C,0xc08Cd26474722cE93F4D0c34D16201461c10AA8C,1,1,30,1800,0.01,0.5,8,0.5,0
CAT,BSC,BSC (BEP20),0x8e1703b42c662cdf8460af3735351ab2a3711e67,,-1,d3063D,0x6894CDe390a3f51155ea41Ed24a33A4827d3063D,1,1,60,60,0.1,100000,8,50000,0
CATI,MANTLE,MANTLE,0x8e1703b42c662cdf8460af3735351ab2a3711e67,,-1,94eDc0,0x1Bdd8878252DaddD3Af2ba30628813271294eDc0,1,1,100,700,0.01,0,8,0,0
CATI,TON,TON,UQBNyDB5zyARo7ozJsXgwCB6xaMxlxoYqZO67QeYcdv4CVTZ,,-1,9UAAD7,EQD-cvR0Nz6XAyRBvbhz-abTrRC6sI5tvHvvpeQraV9UAAD7,1,1,1,1,0.01,0.3,8,0.3,0
CBK,MATIC,Polygon PoS,0x8e1703b42c662cdf8460af3735351ab2a3711e67,,-1,D2c573,0x4EC203dD0699Fac6adAF483CDd2519BC05D2c573,1,1,60,150,0.01,1,8,1,0
CC,CANTON,CANTON,fba188::1220b5c7e1c4c31c691712a9e660bc611ad91ee0aad58580108db04b84b560b3aa31,10132280,-1,,,1,1,1,1,1,1,8,5,0
CELO,CELO,CELO,0x8e1703b42c662cdf8460af3735351ab2a3711e67,,-1,,,1,1,10,2400,0.01,0.002,8,0.001,0
CFG,ETH,Ethereum (ERC20) ,0x8e1703b42c662cdf8460af3735351ab2a3711e67,,-1,4e8A94,0xcccCCCcCCC33D538DBC2EE4fEab0a7A1FF4e8A94,1,1,6,64,0.01,10,8,10,0
CGPT,BSC,BSC (BEP20),0x8e1703b42c662cdf8460af3735351ab2a3711e67,,-1,f00f98,0x9840652DC04fb9db2C43853633f0F62BE6f00f98,1,1,60,60,0.1,2,8,2,0
CHILLGUY,SOL,SOL,H9J4iqxRZZeDAzux33GdZqk3frX5tcGCZdGoU5tVLCzx,,-1,4Jpump,Df6yfrKC8kZE3KNkrHERKzAetSxbrWeniQfyJY4Jpump,1,1,200,200,0.000001,30,6,30,0
CHZ,CHILIZ,Chiliz Chain,0x8e1703b42c662cdf8460af3735351ab2a3711e67,,-1,,,1,1,30,60,0.1,1,8,0,0
CHZ,ETH,Ethereum (ERC20),0x8e1703b42c662cdf8460af3735351ab2a3711e67,,-1,e3b4af,0x3506424f91fd33084466f402d5d97f05f8e3b4af,1,0,6,64,0.1,220,8,110,0
CITY,CHILIZ,Chiliz Chain,0x8e1703b42c662cdf8460af3735351ab2a3711e67,,-1,1B3F79,0x6401b29F40a02578Ae44241560625232A01B3F79,1,1,30,60,1,1,0,0,0
CLOUD,SOL,SOL,H9J4iqxRZZeDAzux33GdZqk3frX5tcGCZdGoU5tVLCzx,,-1,yHFzAu,CLoUDKc4Ane7HeQcPpE3YHnznRxhMimJ4MyaUqyHFzAu,1,1,200,200,0.01,8,8,10,0
CMETH,ETH,Ethereum (ERC20),0x8e1703b42c662cdf8460af3735351ab2a3711e67,,-1,59e8fA,0xE6829d9a7eE3040e1276Fa75293Bde931859e8fA,1,1,6,64,0.000001,0.0015,8,0.0015,0
CMETH,MANTLE,MANTLE,0x8e1703b42c662cdf8460af3735351ab2a3711e67,,-1,59e8fA,0xE6829d9a7eE3040e1276Fa75293Bde931859e8fA,1,1,100,700,0.000001,0.0003,8,0.0003,0
COINX,SOL,SOL,H9J4iqxRZZeDAzux33GdZqk3frX5tcGCZdGoU5tVLCzx,,-1,tePxNu,Xs7ZdzSHLU9ftNJsii5fCeJhoRWSC32SQGzGQtePxNu,1,1,200,200,0.00001,0.004,8,0.002,0
COM,BTC,BRC20 - unisat,12uDr9PA5haFHegeMHQ1MoDckzqmwbfMax,,-1,.com,.com,1,0,3,3,0.000001,60,8,30,0
COMMON,BASE,Base Mainnet,0x8e1703b42c662cdf8460af3735351ab2a3711e67,,-1,f84701,0x4c87da04887a1F9F21F777E3A8dD55C3C9f84701,1,1,30,1800,0.1,60,8,30,0
COMMON,SOL,SOL,H9J4iqxRZZeDAzux33GdZqk3frX5tcGCZdGoU5tVLCzx,,-1,oB11WJ,H1MHqq1dsExxeuYTd8JZzM51z33RvxjuM5sx2oB11WJ,1,0,200,200,0.1,60,8,30,0
COMP,ETH,Ethereum (ERC20),0x8e1703b42c662cdf8460af3735351ab2a3711e67,,-1,f26888,0xc00e94cb662c3520282e6f5717214004a7f26888,1,1,6,64,0.0001,0.14,8,0.068,0
COOK,ETH,Ethereum (ERC20),0x8e1703b42c662cdf8460af3735351ab2a3711e67,,-1,c7b94D,0x9F0C013016E8656bC256f948CD4B79ab25c7b94D,1,1,6,64,0.1,100,8,100,0
COOK,MANTLE,MANTLE,0x8e1703b42c662cdf8460af3735351ab2a3711e67,,-1,c7b94D,0x9F0C013016E8656bC256f948CD4B79ab25c7b94D,1,1,100,700,0.1,100,8,0,0
COOKIE,BASE,BASE,0x8e1703b42c662cdf8460af3735351ab2a3711e67,,-1,8c265F,0xC0041EF357B183448B235a8Ea73Ce4E4eC8c265F,1,1,30,1800,0.01,4,8,2,0
COOKIE,BSC,BSC,0x8e1703b42c662cdf8460af3735351ab2a3711e67,,-1,8c265F,0xC0041EF357B183448B235a8Ea73Ce4E4eC8c265F,1,1,60,60,0.01,5,8,5,0
COQ,CAVAX,AVAX-C,0x8e1703b42c662cdf8460af3735351ab2a3711e67,,-1,5f2329,0x420FcA0121DC28039145009570975747295f2329,1,1,30,120,0.1,400000,8,400000,0
CORE,CORE,CORE,0x8e1703b42c662cdf8460af3735351ab2a3711e67,,-1,,,1,1,60,60,0.01,0.001,8,0.001,0
CORN,CORN,CORN,0x8e1703b42c662cdf8460af3735351ab2a3711e67,,500000000,7fd8c6,0x44f49ff0da2498bcb1d3dc7c0f999578f67fd8c6,1,1,5,600,0.01,10,8,5,0
CORN,ETH,Ethereum (ERC20),0x8e1703b42c662cdf8460af3735351ab2a3711e67,,500000000,7FD8C6,0x44f49ff0da2498bCb1D3Dc7C0f999578F67FD8C6,1,1,6,64,0.01,40,8,20,0
CPOOL,ETH,Ethereum (ERC20),0x8e1703b42c662cdf8460af3735351ab2a3711e67,,-1,C2FaC5,0x66761Fa41377003622aEE3c7675Fc7b5c1C2FaC5,1,1,6,64,0.1,10,8,10,0
CPOOL,MANTLE,Mantle Network,0x8e1703b42c662cdf8460af3735351ab2a3711e67,,-1,5279d8,0x0c8927de225Bb1eD9DB05aA7d641E434B95279d8,1,0,100,700,0.1,100,8,0,0
CRCLX,SOL,SOL,H9J4iqxRZZeDAzux33GdZqk3frX5tcGCZdGoU5tVLCzx,,-1,3p3bd1,XsueG8BtpquVJX9LVLLEGuViXUungE6WmK5YZ3p3bd1,1,1,200,200,0.00001,0.01,8,0.005,0
CRV,ETH,Ethereum (ERC20),0x8e1703b42c662cdf8460af3735351ab2a3711e67,,-1,34cd52,0xd533a949740bb3306d119cc777fa900ba034cd52,1,1,6,64,0.01,6,8,6,0
CSPR,CSPR,Casper,01afdae81051e75560ea643a46b2ad543649459461bb5a79beb8b48e95031cf510,,-1,,,1,1,10,10,0.1,40,8,20,0
CTA,ETH,Ethereum (ERC20),0x8e1703b42c662cdf8460af3735351ab2a3711e67,,-1,572F47,0x90685e300A4c4532EFCeFE91202DfE1Dfd572F47,1,1,6,64,0.1,30,8,30,0
CTC,ETH,Ethereum (ERC20),0x8e1703b42c662cdf8460af3735351ab2a3711e67,,-1,820419,0xa3ee21c306a700e682abcdfe9baa6a08f3820419,1,1,6,64,0.01,3,8,3,0
CUDIS,BSC,BSC (BEP20),0x8e1703b42c662cdf8460af3735351ab2a3711e67,,-1,049CB1,0xC1353D3Ee02FDbd4f65F92EEe543cfd709049CB1,1,0,60,60,0.1,20,8,10,0
CUDIS,SOL,SOL,H9J4iqxRZZeDAzux33GdZqk3frX5tcGCZdGoU5tVLCzx,,-1,z6f6RN,CudisfkgWvMKnZ3TWf6iCuHm8pN2ikXhDcWytwz6f6RN,1,1,200,200,0.1,20,8,20,0
CYBER,ETH,Ethereum (ERC20),0x8e1703b42c662cdf8460af3735351ab2a3711e67,,-1,Fb88a9,0x14778860E937f509e651192a90589dE711Fb88a9,1,1,6,64,0.001,0.6,8,0.6,0
CYBER,OP,OP Mainnet,0x8e1703b42c662cdf8460af3735351ab2a3711e67,,-1,Fb88a9,0x14778860E937f509e651192a90589dE711Fb88a9,1,0,30,1800,0.001,0.1,8,0.1,0
DAI,BSC,BSC (BEP20),0x8e1703b42c662cdf8460af3735351ab2a3711e67,,-1,b1dbc3,0x1af3f329e8be154074d8769d1ffa4ee058b1dbc3,1,0,60,60,0.001,1.6,8,0.8,0
DAI,ETH,Ethereum (ERC20),0x8e1703b42c662cdf8460af3735351ab2a3711e67,,-1,271d0f,0x6b175474e89094c44da98b954eedeac495271d0f,1,1,6,64,0.001,4,8,4,0
DBR,SOL,SOL,H9J4iqxRZZeDAzux33GdZqk3frX5tcGCZdGoU5tVLCzx,,-1,DXnUu5,DBRiDgJAMsM95moTzJs7M9LnkGErpbv9v6CUR1DXnUu5,1,1,200,200,0.000001,20,6,30,0
DEEP,SUI,SUI,0x4b53485baf19637218b347aa476a39ac0510958d55f78c69c4be9e244add17df,,-1,::DEEP,0xdeeb7a4662eec9f2f3def03fb937a663dddaa2e215b8078a284d026b7946c270::deep::DEEP,1,1,1,1,0.000001,10,6,10,0
DEGEN,BASE,Base Mainnet,0x8e1703b42c662cdf8460af3735351ab2a3711e67,,-1,Efefed,0x4ed4E862860beD51a9570b96d89aF5E1B0Efefed,1,1,30,1800,0.1,30,8,30,0
DGB,DGB,DGB,D7L2unWx7xcmiHpxxsKdC5bxbQQeRXm6rZ,,-1,,,1,1,50,50,0.1,0.4,8,0.2,0
DIAM,BSC,BSC,0x8e1703b42c662cdf8460af3735351ab2a3711e67,,-1,67082B,0x1FA0f5ed24a1a2b43741E88F8FEc19633e67082B,1,1,60,60,0.1,50,8,25,0
DOGE,DOGE,Dogecoin,DF9iRSPmzg2jJdLQ4jNNy8Nm61aWW3Wi1F,,-1,,,1,1,12,36,0.005,8,8,4,0
DOGS,TON,TON,UQBNyDB5zyARo7ozJsXgwCB6xaMxlxoYqZO67QeYcdv4CVTZ,,-1,G_DOGS,EQCvxJy4eG8hyHBFsZ7eePxrRsUQSFE_jpptRAYBmcG_DOGS,1,1,1,1,0.1,50,8,50,0
DOLO,BERA,Berachain,0x8e1703b42c662cdf8460af3735351ab2a3711e67,,500000000,39a654,0x0F81001eF0A83ecCE5ccebf63EB302c70a39a654,1,1,12,12,0.1,10,8,5,0
DOOD,SOL,SOL,H9J4iqxRZZeDAzux33GdZqk3frX5tcGCZdGoU5tVLCzx,,50000000000,HnXvgV,DvjbEsdca43oQcw2h3HW1CT7N3x5vRcr3QrvTUHnXvgV,1,1,200,200,0.1,400,8,300,0
DOT,DOTAH,DOTAH,12DWhzzMVnuSTPUTtfp9spLJWgE8TE7CjoNaf1NcrVrs62Eo,,-1,,,1,1,15,30,0.001,0.6,8,0.3,0
DRIFT,SOL,Solana,H9J4iqxRZZeDAzux33GdZqk3frX5tcGCZdGoU5tVLCzx,,-1,ksjwg7,DriFtupJYLTosbwoN8koMbEYSx54aFAVLddWsbksjwg7,1,1,200,200,0.000001,0.7,6,1.935801,0
DYDX,DYDX,DYDX,dydx1plrw2mur00y6mh94vc4u5y9wz56ktdnt6ep4gq,10123061,-1,,,1,1,20,20,0.000000000000000001,0.2,8,0.2,0
DYM,DYM,Dymension Chain,dym1t3s2e2v5nt8tv8kldcy0v8hj4ruhpvx6lfs623,10045737,-1,,,1,1,10,10,0.000000000000000001,1,8,0.5,0
DYM,DYMEVM,Dymension Chain-EVM,0x8e1703b42c662cdf8460af3735351ab2a3711e67,,-1,,,1,1,1,1,0.01,0.4,8,0.2,0
EAT,SOL,SOL,H9J4iqxRZZeDAzux33GdZqk3frX5tcGCZdGoU5tVLCzx,,-1,GeLvZC,375aiUqZERLrB9sHtsArKr4nuWCgBrtqibUDBMGeLvZC,1,1,200,200,0.1,30,8,15,0
EGLD,EGLD,EGLD,erd14ktrn7whxa6vt9pcqa2mgavt6sqhxdddunartvtclsywlq6mgyjs8qs2zz,,-1,,,1,1,6,6,0.0001,0.01,8,0.001,0
EIGEN,ETH,Ethereum (ERC20),0x8e1703b42c662cdf8460af3735351ab2a3711e67,,-1,061F83,0xec53bF9167f50cDEB3Ae105f56099aaaB9061F83,1,1,6,64,0.001,1,8,1,0
ELIZAOS,SOL,SOL,H9J4iqxRZZeDAzux33GdZqk3frX5tcGCZdGoU5tVLCzx,,-1,uELiZA,DuMbhu7mvQvqQHGcnikDgb4XegXJRyhUBfdU22uELiZA,1,1,200,200,0.1,240,8,120,0
ELSA,BASE,Base Mainnet,0x8e1703b42c662cdf8460af3735351ab2a3711e67,,-1,ecbdca,0x29cc30f9d113b356ce408667aa6433589cecbdca,1,1,30,1800,0,8,8,4,0
ELSA,MANTLE,Mantle Network,0x8e1703b42c662cdf8460af3735351ab2a3711e67,,-1,eCBDcA,0x29cC30f9D113B356Ce408667aa6433589CeCBDcA,1,1,100,100,0,8,8,0,0
ENA,ETH,Ethereum (ERC20),0x8e1703b42c662cdf8460af3735351ab2a3711e67,,-1,1e6061,0x57e114B691Db790C35207b2e685D4A43181e6061,1,1,6,64,0.01,8,8,8,0
ENA,MANTLE,Mantle Network,0x8e1703b42c662cdf8460af3735351ab2a3711e67,,-1,9C0133,0x58538e6A46E07434d7E7375Bc268D3cb839C0133,1,1,100,700,0.01,1,8,0,0
ENJ,ENJIN,Enjin,enEac3J75BeZzhXrBErM3LodFwwuX6LQhneUA9S5TDQePCLaX,,-1,,,1,1,30,30,0.1,0.1,8,0.001,0
ENJ,ETH,Ethereum (ERC20),0x8e1703b42c662cdf8460af3735351ab2a3711e67,,-1,2a3b9c,0xf629cbd94d3791c9250152bd8dfbdf380e2a3b9c,1,0,6,64,0.1,64,8,32,0
ENS,ETH,Ethereum (ERC20),0x8e1703b42c662cdf8460af3735351ab2a3711e67,,-1,7f9d72,0xc18360217d8f7ab5e7c516566761ea12ce7f9d72,1,1,6,64,0.0001,0.15,8,0.15,0
ENSO,BSC,BSC (BEP20),0x8e1703b42c662cdf8460af3735351ab2a3711e67,,-1,6ae9ef,0xfeB339236d25D3E415F280189bC7C2FBAb6ae9ef,1,0,60,60,0.001,1,8,0.5,0
ENSO,ETH,Ethereum (ERC20) ,0x8e1703b42c662cdf8460af3735351ab2a3711e67,,-1,cB0C66,0x699F088b5DddcAFB7c4824db5B10B57B37cB0C66,1,1,6,64,0.001,4,8,2,0
EPT,BSC,BSC (BEP20),0x8e1703b42c662cdf8460af3735351ab2a3711e67,,500000000,81E77c,0x3Dc8e2d80b6215a1BCcAe4d38715C3520581E77c,1,1,60,60,0.1,100,8,50,0
EPT,ETH,Ethereum (ERC20),0x8e1703b42c662cdf8460af3735351ab2a3711e67,,500000000,81E77c,0x3Dc8e2d80b6215a1BCcAe4d38715C3520581E77c,1,0,6,64,0.1,400,8,200,0
ERA,ETH,Ethereum (ERC20),0x8e1703b42c662cdf8460af3735351ab2a3711e67,,-1,A1de2A,0xE2AD0BF751834f2fbdC62A41014f84d67cA1de2A,1,1,6,64,0.01,4,8,2,0
ES,ECLIPSE,ECLIPSE,H9J4iqxRZZeDAzux33GdZqk3frX5tcGCZdGoU5tVLCzx,,-1,dV3oqW,GnBAskb2SQjrLgpTjtgatz4hEugUsYV7XrWU1idV3oqW,1,1,200,200,0.000001,8,6,4,0
ES,ETH,Ethereum (ERC20),0x8e1703b42c662cdf8460af3735351ab2a3711e67,,-1,8430dE,0x6055Dc6Ff1077eebe5e6D2BA1a1f53d7Ef8430dE,1,0,6,64,0.000001,10,6,5,0
ES,SOL,SOL,H9J4iqxRZZeDAzux33GdZqk3frX5tcGCZdGoU5tVLCzx,,-1,p4DZWP,BqPqrrQuoQXFGGEAEMnPmDgZ6RWQCajWnY3V6Yp4DZWP,1,0,200,200,0.000001,8,6,4,0
ESE,ETH,Ethereum (ERC20),0x8e1703b42c662cdf8460af3735351ab2a3711e67,,-1,4935C4,0x908dDb096BFb3AcB19e2280aAD858186ea4935C4,1,1,6,64,0.1,500,8,500,0
ETC,ETC,Ethereum Classic,0x8e1703b42c662cdf8460af3735351ab2a3711e67,,-1,,,1,1,150,600,0.0001,0.01,8,0.01,0
ETH,ARBINOVA,Arbitrum Nova,0x8e1703b42c662cdf8460af3735351ab2a3711e67,,-1,,,1,1,100,120,0.000001,0.003,8,0.0003,0
ETH,ARBI,Arbitrum One,0x8e1703b42c662cdf8460af3735351ab2a3711e67,,-1,,,1,1,120,3360,0.000001,0.00004,8,0.00004,0
ETH,BSC,BSC (BEP20),0x8e1703b42c662cdf8460af3735351ab2a3711e67,,-1,f933f8,0x2170ed0880ac9a755fd29b2688956bd959f933f8,1,1,60,60,0.000001,0.0002,8,0.0002,0
ETH,BASE,Base Mainnet,0x8e1703b42c662cdf8460af3735351ab2a3711e67,,-1,,,1,1,30,1800,0.000001,0.0003,8,0.0003,0
ETH,ETH,Ethereum (ERC20),0x8e1703b42c662cdf8460af3735351ab2a3711e67,,-1,,,1,1,6,64,0.00005,0.0015,8,0.0005,0
ETH,LINEA,LINEA,0x8e1703b42c662cdf8460af3735351ab2a3711e67,,-1,,,1,1,60,4800,0.000001,0.0002,8,0.0002,0
ETH,MANTLE,Mantle Network,0x8e1703b42c662cdf8460af3735351ab2a3711e67,,-1,ad1111,0xdEAddEaDdeadDEadDEADDEAddEADDEAddead1111,1,1,100,700,0.000001,0.0003,8,0,0
ETH,OP,OP Mainnet,0x8e1703b42c662cdf8460af3735351ab2a3711e67,,-1,,,1,1,30,1800,0.000001,0.0003,8,0.00015,0
ETH,ZKV2,zkSync Era,0x8e1703b42c662cdf8460af3735351ab2a3711e67,,-1,00800a,0x000000000000000000000000000000000000800a,1,1,100,30000,0.000001,0.0003,8,0.0003,0
ETHFI,ETH,Ethereum (ERC20),0x8e1703b42c662cdf8460af3735351ab2a3711e67,,-1,9Cc0eB,0xFe0c30065B384F05761f15d0CC899D4F9F9Cc0eB,1,1,6,64,0.001,3,8,3,0
ETHW,ETHW,ETHW,0x8e1703b42c662cdf8460af3735351ab2a3711e67,,-1,,,1,1,50,5000,0.001,0.05,8,0.05,0
EURC,ETH,Ethereum (ERC20) ,0x8e1703b42c662cdf8460af3735351ab2a3711e67,,-1,1bc33c,0x1abaea1f7c830bd89acc67ec4af516284b1bc33c,1,0,6,64,0.000001,6,6,3,0
F,BASE,BASE,0x8e1703b42c662cdf8460af3735351ab2a3711e67,,-1,2E6eD6,0x2C24497D4086490e7EaD87CC12597fb50c2E6eD6,1,1,30,1800,0.1,80,8,80,0
F,BSC,BSC (BEP20),0x8e1703b42c662cdf8460af3735351ab2a3711e67,,-1,04D3Bb,0xc9cCbd76c2353e593Cc975F13295e8289d04D3Bb,1,1,60,60,0.1,80,8,80,0
F,ETH,Ethereum (ERC20),0x8e1703b42c662cdf8460af3735351ab2a3711e67,,-1,0252F9,0x6e15A54B5EcAc17e58daDedDbe8506a7560252F9,1,1,6,64,0.1,80,8,80,0
FBTC,ETH,ETH,0x8e1703b42c662cdf8460af3735351ab2a3711e67,,-1,D6C364,0xC96dE26018A54D51c097160568752c4E3BD6C364,1,1,6,64,0.000001,0.00004,8,0.00003,0
FBTC,MANTLE,MANTLE,0x8e1703b42c662cdf8460af3735351ab2a3711e67,,-1,D6C364,0xC96dE26018A54D51c097160568752c4E3BD6C364,1,1,100,700,0.000001,0.00002,8,0.00001,0
FET,ETH,Ethereum (ERC20),0x8e1703b42c662cdf8460af3735351ab2a3711e67,,-1,41Ad85,0xaea46A60368A7bD060eec7DF8CBa43b7EF41Ad85,1,1,6,64,0.01,2,8,2,0
FF,ETH,Ethereum (ERC20),0x8e1703b42c662cdf8460af3735351ab2a3711e67,,-1,b3F949,0xFA1C09fC8B491B6A4d3Ff53A10CAd29381b3F949,1,1,6,64,0.01,40,8,20,0
FHE,BSC,BSC (BEP20),0x8e1703b42c662cdf8460af3735351ab2a3711e67,,500000000,62727E,0xd55C9fB62E176a8Eb6968f32958FeFDD0962727E,1,1,60,60,0.1,12,8,6,0
FHE,ETH,Ethereum (ERC20),0x8e1703b42c662cdf8460af3735351ab2a3711e67,,500000000,62727E,0xd55C9fB62E176a8Eb6968f32958FeFDD0962727E,1,1,6,64,0.1,32,8,16,0
FIDA,SOL,SOL,H9J4iqxRZZeDAzux33GdZqk3frX5tcGCZdGoU5tVLCzx,,-1,CFGnvp,EchesyfXePKdLtoiZSL8pBe8Myagyy8ZRqsACNCFGnvp,1,1,200,200,0.000001,1.5,6,12.959641,0
FIGHT,BSC,BSC (BEP20),0x8e1703b42c662cdf8460af3735351ab2a3711e67,,-1,e6F3ab,0xB2D97C4ed2d0Ef452654F5CAB3da3735B5e6F3ab,1,1,60,60,0,100,8,50,0
FIGHT,SOL,SOL,H9J4iqxRZZeDAzux33GdZqk3frX5tcGCZdGoU5tVLCzx,,-1,Q3mxfU,8f62NyJGo7He5uWeveTA2JJQf4xzf8aqxkmzxRQ3mxfU,1,1,200,200,0,100,8,50,0
FIL,FIL,Filecoin,f1fso7pjo5gh3zbrs5dfqtxlekc24zmdv6qpkm6cy,,-1,,,1,1,120,910,0.001,0.1,8,0.001,0
FITFI,CAVAX,AVAXC,0x8e1703b42c662cdf8460af3735351ab2a3711e67,,-1,1d1888,0x714f020c54cc9d104b6f4f6998c63ce2a31d1888,1,1,30,120,0.1,2,8,2,0
FITFI,FITFI,STEP,0x8e1703b42c662cdf8460af3735351ab2a3711e67,,-1,,,1,1,16,16,0.1,10,8,1,0
FLIP,ETH,Ethereum (ERC20),0x8e1703b42c662cdf8460af3735351ab2a3711e67,,-1,22678A,0x826180541412D574cf1336d22c0C0a287822678A,1,1,6,64,0.01,1.5,8,1.5,0
FLOCK,BASE,BASE,0x8e1703b42c662cdf8460af3735351ab2a3711e67,,-1,A7B691,0x5aB3D4c385B400F3aBB49e80DE2fAF6a88A7B691,1,1,30,1800,0.01,12,8,12,0
FLOKI,BSC,BSC (BEP20),0x8e1703b42c662cdf8460af3735351ab2a3711e67,,-1,63d37e,0xfb5b838b6cfeedc2873ab27866079ac55363d37e,1,1,60,60,0.1,2617,8,2617,0
FLOKI,ETH,Ethereum (ERC20),0x8e1703b42c662cdf8460af3735351ab2a3711e67,,-1,2b6a2e,0xcf0c122c6b73ff809c693db761e7baebe62b6a2e,1,0,6,64,0.1,32000,8,32000,0
FLR,FLR,FLR,0x8e1703b42c662cdf8460af3735351ab2a3711e67,,-1,,,1,1,12,180,0.1,0.1,8,0.1,0
FLUID,ETH,ETH,0x8e1703b42c662cdf8460af3735351ab2a3711e67,,-1,d303eb,0x6f40d4A6237C257fff2dB00FA0510DeEECd303eb,1,1,6,64,0.001,0.12,8,0.12,0
FOGO,FOGO,FOGO,H9J4iqxRZZeDAzux33GdZqk3frX5tcGCZdGoU5tVLCzx,,-1,,,1,1,200,200,0.000001,40,9,20,0
FORT,ETH,Ethereum (ERC20),0x8e1703b42c662cdf8460af3735351ab2a3711e67,,-1,c4ec29,0x41545f8b9472d758bb669ed8eaeeecd7a9c4ec29,1,1,6,64,0.1,30,8,30,0
FOXY,LINEA,LINEA,0x8e1703b42c662cdf8460af3735351ab2a3711e67,,-1,0d1566,0x5FBDF89403270a1846F5ae7D113A989F850d1566,1,1,60,4800,0.1,200,8,100,0
FRAX,FRAXTAL,FRAX,0x8e1703b42c662cdf8460af3735351ab2a3711e67,,-1,,,1,1,30,1800,0,3.2,8,1.6,0
FTT,ETH,Ethereum (ERC20),0x8e1703b42c662cdf8460af3735351ab2a3711e67,,-1,55a4c9,0x50d1c9771902476076ecfc8b2a83ad6b9355a4c9,1,1,6,64,0.001,1.8,8,1.8,0
FUEL,ETH,ETH,0x8e1703b42c662cdf8460af3735351ab2a3711e67,,-1,92079c,0x675B68AA4d9c2d3BB3F0397048e62E6B7192079c,1,1,6,64,0.1,250,8,250,0
G,BSC,BSC,0x8e1703b42c662cdf8460af3735351ab2a3711e67,,-1,260649,0x9C7BEBa8F6eF6643aBd725e45a4E8387eF260649,1,0,60,60,0.1,110,8,10,0
G,ETH,Ethereum (ERC20),0x8e1703b42c662cdf8460af3735351ab2a3711e67,,-1,260649,0x9C7BEBa8F6eF6643aBd725e45a4E8387eF260649,1,1,6,64,0.1,100,8,100,0
GAIB,BSC,BSC (BEP20),0x8e1703b42c662cdf8460af3735351ab2a3711e67,,-1,A48E50,0xC19D38925F9F645337B1D1f37bAf3C0647A48E50,1,1,60,60,0.01,16,8,8,0
GAIB,ETH,Ethereum (ERC20) ,0x8e1703b42c662cdf8460af3735351ab2a3711e67,,-1,A48E50,0xC19D38925F9F645337B1D1f37bAf3C0647A48E50,1,1,6,64,1,40,8,20,0
GALA,ETH,Ethereum (ERC20),0x8e1703b42c662cdf8460af3735351ab2a3711e67,,-1,c87cae,0xd1d2eb1b1e90b638588728b4130137d262c87cae,1,1,6,64,0.1,100,8,100,0
GAME,BASE,BASE,0x8e1703b42c662cdf8460af3735351ab2a3711e67,,-1,F463a3,0x1C4CcA7C5DB003824208aDDA61Bd749e55F463a3,1,1,30,1800,0.1,4,8,4,0
GLMR,GLMR,GLMR,0x8e1703b42c662cdf8460af3735351ab2a3711e67,,-1,,,1,1,30,30,0.1,0.01,8,0.25,0
GMT,BSC,BSC (BEP20),0x8e1703b42c662cdf8460af3735351ab2a3711e67,,-1,78b2a1,0x3019bf2a2ef8040c242c9a4c5c4bd4c81678b2a1,1,1,60,60,0.1,0.25,8,0.25,0
GMT,ETH,ETH,0x8e1703b42c662cdf8460af3735351ab2a3711e67,,-1,4ff740,0xe3c408BD53c31C085a1746AF401A4042954ff740,1,0,6,64,0.1,120,8,60,0
GMT,MATIC,Polygon PoS,0x8e1703b42c662cdf8460af3735351ab2a3711e67,,-1,21D4C2,0x714DB550b574b3E927af3D93E26127D15721D4C2,1,1,60,150,0.1,25,8,13,0
GMT,SOL,SOL,H9J4iqxRZZeDAzux33GdZqk3frX5tcGCZdGoU5tVLCzx,,-1,R4pfRx,7i5KKsX2weiTkry7jA4ZwSuXGhs5eJBEjY8vVxR4pfRx,1,1,200,200,0.1,3,8,80,0
GMX,CAVAX,AVAXC,0x8e1703b42c662cdf8460af3735351ab2a3711e67,,-1,11c661,0x62edc0692BD897D2295872a9FFCac5425011c661,1,1,30,120,0.0001,0.02,8,0.02,0
GMX,ARBI,Arbitrum One,0x8e1703b42c662cdf8460af3735351ab2a3711e67,,-1,35ad0a,0xfc5a1a6eb076a2c7ad06ed22c90d7e710e35ad0a,1,0,120,3360,0.0001,0.006,8,0.006,0
GOAT,SOL,SOL,H9J4iqxRZZeDAzux33GdZqk3frX5tcGCZdGoU5tVLCzx,,-1,uypump,CzLSujWBLFsSjncfkh59rUFqvafWcY5tzedWJSuypump,1,1,200,200,0.000001,10,6,9,0
GODS,ETH,Ethereum (ERC20),0x8e1703b42c662cdf8460af3735351ab2a3711e67,,-1,2afd97,0xccc8cb5229b0ac8069c51fd58367fd1e622afd97,1,1,6,64,0.01,11.61,8,5.8,0
GOOGLX,SOL,SOL,H9J4iqxRZZeDAzux33GdZqk3frX5tcGCZdGoU5tVLCzx,,-1,LLq6aN,XsCPL9dNWBMvFtTmwcCA5v3xWPSMEBCszbQdiLLq6aN,1,1,200,200,0.00001,0.01,8,0.005,0
GPS,BASE,BASE,0x8e1703b42c662cdf8460af3735351ab2a3711e67,,-1,a0DCa5,0x0C1dC73159e30c4b06170F2593D3118968a0DCa5,1,1,30,1800,0.1,400,8,20,0
GPS,BSC,BSC,0x8e1703b42c662cdf8460af3735351ab2a3711e67,,-1,f6642e,0x9a4a67721573f2c9209dfff972c52be4e3f6642e,1,0,60,60,0.1,400,8,20,0
GPTOLD,ETH,Ethereum (ERC20),0x8e1703b42c662cdf8460af3735351ab2a3711e67,,-1,B647F8,0xD04E772BC0d591fBD288f2E2a86aFA3D3CB647F8,1,1,6,64,0.000001,500,8,500,0
GRASS,SOL,SOL,H9J4iqxRZZeDAzux33GdZqk3frX5tcGCZdGoU5tVLCzx,,-1,r3XXjs,Grass7B4RdKfBCjTKgSqnXkqjwiGvQyFbuSCUJr3XXjs,1,1,200,200,0.01,1,8,1.7,0
GRT,ETH,Ethereum (ERC20),0x8e1703b42c662cdf8460af3735351ab2a3711e67,,-1,da44a7,0xc944e90c64b2c07662a292be6244bdf05cda44a7,1,1,6,64,0.01,29,8,29,0
GTAI,BSC,BSC (BEP20),0x8e1703b42c662cdf8460af3735351ab2a3711e67,,-1,3A33d1,0x003d87d02A2A01E9E8a20f507C83E15DD83A33d1,1,1,60,60,0.01,10,8,5,0
H,ETH,Ethereum (ERC20),0x8e1703b42c662cdf8460af3735351ab2a3711e67,,-1,A016eB,0xcf5104D094e3864CfCBDa43B82e1cEFD26A016eB,1,1,6,64,0.01,20,8,10,0
HAEDAL,SUI,SUI,0x4b53485baf19637218b347aa476a39ac0510958d55f78c69c4be9e244add17df,,-1,HAEDAL,0x3a304c7feba2d819ea57c3542d68439ca2c386ba02159c740f7b406e592c62ea::haedal::HAEDAL,1,1,1,1,0.01,1,8,1,0
HBAR,HBAR,HBAR,0.0.615422,10331878,-1,,,1,1,1,1,0.01,2,8,1,0
HFT,ETH,Ethereum (ERC20),0x8e1703b42c662cdf8460af3735351ab2a3711e67,,-1,2BcADC,0xb3999F658C0391d94A37f7FF328F3feC942BcADC,1,1,6,64,0.1,58,8,29,0
HMSTR,TON,TON,UQBNyDB5zyARo7ozJsXgwCB6xaMxlxoYqZO67QeYcdv4CVTZ,,-1,drPcUo,EQAJ8uWd7EBqsmpSWaRdf_I-8R8-XHwh3gsNKhy-UrdrPcUo,1,1,1,1,0.1,80,8,80,0
HNT,SOL,SOL,H9J4iqxRZZeDAzux33GdZqk3frX5tcGCZdGoU5tVLCzx,,-1,1oxWux,hntyVP6YFm1Hg25TN9WGLqM12b8TQmcknKrdu1oxWux,1,1,200,200,0.001,0.25,8,0.25,0
HOLO,BSC,BSC (BEP20),0x8e1703b42c662cdf8460af3735351ab2a3711e67,,-1,7f9497,0x1a5D7E4c3A7F940B240b7357a4bFED30D17f9497,1,1,60,60,0.01,4,8,2,0
HOLO,SOL,SOL,H9J4iqxRZZeDAzux33GdZqk3frX5tcGCZdGoU5tVLCzx,,-1,KbJETU,69RX85eQoEsnZvXGmLNjYcWgVkp9r2JjahVm99KbJETU,1,0,200,200,0.01,4,8,5,0
HOME,BSC,BSC (BEP20),0x8e1703b42c662cdf8460af3735351ab2a3711e67,,-1,Fc714f,0x4BfAa776991E85e5f8b1255461cbbd216cFc714f,1,1,60,60,0.1,20,8,10,0
HOME,BASE,Base Mainnet,0x8e1703b42c662cdf8460af3735351ab2a3711e67,,-1,Fc714f,0x4BfAa776991E85e5f8b1255461cbbd216cFc714f,1,1,30,1800,0.1,20,8,10,0
HOME,SOL,SOL,H9J4iqxRZZeDAzux33GdZqk3frX5tcGCZdGoU5tVLCzx,,-1,uX3WXj,J3umBWqhSjd13sag1E1aUojViWvPYA5dFNyqpKuX3WXj,1,1,200,200,0.1,40,8,20,0
HOODX,SOL,SOL,H9J4iqxRZZeDAzux33GdZqk3frX5tcGCZdGoU5tVLCzx,,-1,56bzpg,XsvNBAYkrDRNhA7wPHQfX3ZUXZyZLdnCQDfHZ56bzpg,1,1,200,200,0.00001,0.02,8,0.01,0
HOOK,BSC,BSC (BEP20),0x8e1703b42c662cdf8460af3735351ab2a3711e67,,-1,E1E2F0,0xa260E12d2B924cb899AE80BB58123ac3fEE1E2F0,1,1,60,60,0.1,0.05,8,0.05,0
HPOS10I,ETH,Ethereum (ERC20),0x8e1703b42c662cdf8460af3735351ab2a3711e67,,-1,4EEEa9,0x72e4f9F808C49A2a61dE9C5896298920Dc4EEEa9,1,1,6,64,0.1,20,8,20,0
HTX,TRX,TRON (TRC20),TLRPtPM7UYp8MszAiUh4sSRbuMVRdnkxN8,,-1,2DdoJ6,TUPM7K8REVzD2UdV4R5fe5M8XbnR2DdoJ6,1,1,20,20,0.1,300000,8,300000,0
HUMA,SOL,SOL,H9J4iqxRZZeDAzux33GdZqk3frX5tcGCZdGoU5tVLCzx,,-1,44wvGw,HUMA1821qVDKta3u2ovmfDQeW2fSQouSKE8fkF44wvGw,1,1,200,200,0.000001,80,6,40,0
HYPE,HYPEREVM,HYPEREVM,0x8e1703b42c662cdf8460af3735351ab2a3711e67,,500000000,,,1,1,30,30,0.0001,0.05,8,0.025,0
HYPER,BSC,BSC (BEP20),0x8e1703b42c662cdf8460af3735351ab2a3711e67,,500000000,1ca5c4,0xC9d23ED2ADB0f551369946BD377f8644cE1ca5c4,1,1,60,60,0.01,10,8,5,0
HYPER,ETH,Ethereum (ERC20),0x8e1703b42c662cdf8460af3735351ab2a3711e67,,500000000,D910F5,0x93A2Db22B7c736B341C32Ff666307F4a9ED910F5,1,1,6,64,0.01,20,8,10,0
ICNT,BASE,Base Mainnet,0x8e1703b42c662cdf8460af3735351ab2a3711e67,,-1,b6601d,0xE0Cd4cAcDdcBF4f36e845407CE53E87717b6601d,1,1,30,1800,0.01,10,8,5,0
ICNT,ETH,Ethereum (ERC20),0x8e1703b42c662cdf8460af3735351ab2a3711e67,,-1,825661,0xe5e0b73380181273abCfD88695F52C4D0C825661,1,0,6,64,0.01,18,8,9,0
ICP,ICP,ICP,74c79702e14725d48571292548b07c329310d81a827aac20e8180229b00e5978,,-1,,,1,1,1,1,0.001,0.0003,8,0.0003,0
ICX,ICX,ICX,hx0d7793db07b57e3401b448704cef60b0873d4e2b,,-1,,,1,1,120,120,0.01,0.02,8,0.02,0
ID,BSC,BSC (BEP20),0x8e1703b42c662cdf8460af3735351ab2a3711e67,,-1,766406,0x2dfF88A56767223A5529eA5960Da7A3F5f766406,1,1,60,60,0.01,1,8,1,0
ID,ETH,Ethereum (ERC20),0x8e1703b42c662cdf8460af3735351ab2a3711e67,,-1,766406,0x2dfF88A56767223A5529eA5960Da7A3F5f766406,1,1,6,64,0.01,9,8,9,0
IMU,ETH,Ethereum (ERC20),0x8e1703b42c662cdf8460af3735351ab2a3711e67,,-1,902BA5,0xb48c6B24f36307c7A1f2a9281E978a9ef2902BA5,1,1,6,64,0,600,8,300,0
IMX,ETH,Ethereum (ERC20),0x8e1703b42c662cdf8460af3735351ab2a3711e67,,-1,6e79ff,0xf57e7e7c23978c3caec3c3548e3d615c346e79ff,1,1,6,64,0.01,2,8,2,0
INIT,INIT,Initia,init10qy4tpcllj5pdwf776j3xslgxe6729k2anatm9,,500000000,,,1,1,10,10,0.000001,4,6,2,0
INJ,ETH,Ethereum (ERC20),0x8e1703b42c662cdf8460af3735351ab2a3711e67,,-1,ceca30,0xe28b3b32b6c345a34ff64674606124dd5aceca30,1,1,6,64,0.0001,0.4,8,0.2,0
INJ,INJ,INJ,inj1vmqxkjmruu2q06qlfg7sjqe8chhsejy7mh6j6n,10015148,-1,,,1,1,100,100,0.000000000000000001,0.008,8,0.008,0
INSP,ETH,Ethereum (ERC20),0x8e1703b42c662cdf8460af3735351ab2a3711e67,,-1,C0b457,0x186eF81fd8E77EEC8BfFC3039e7eC41D5FC0b457,1,1,6,64,0.1,100,8,100,0
INTER,CHILIZ,Chiliz Chain,0x8e1703b42c662cdf8460af3735351ab2a3711e67,,-1,716BeD,0xc727c9C0f2647CB90B0FCA64d8ddB14878716BeD,1,1,30,60,1,1,0,0,0
IO,SOL,SOL,H9J4iqxRZZeDAzux33GdZqk3frX5tcGCZdGoU5tVLCzx,,-1,wr646K,BZLbGTNCSFfoth2GYDtwr7e4imWzpR5jqcUuGEwr646K,1,1,200,200,0.01,0.2,8,2.5,0
IP,STORY,STORY,0x8e1703b42c662cdf8460af3735351ab2a3711e67,,-1,,,1,1,12,12,0.001,1,8,0.5,0
IZI,ETH,Ethereum (ERC20),0x8e1703b42c662cdf8460af3735351ab2a3711e67,,-1,c5c200,0x9ad37205d608b8b219e6a2573f922094cec5c200,1,1,6,64,0.1,350,8,175,0
J,SOL,SOL,H9J4iqxRZZeDAzux33GdZqk3frX5tcGCZdGoU5tVLCzx,,-1,sKNzUh,Jambjx1oJoZNBZiqbiF9TqgatEZPdyfvYa9WVsKNzUh,1,1,200,200,0.1,4,8,10,0
JASMY,ETH,Ethereum (ERC20),0x8e1703b42c662cdf8460af3735351ab2a3711e67,,-1,bc03ec,0x7420b4b9a0110cdc71fb720908340c03f9bc03ec,1,1,6,64,0.1,150,8,150,0
JST,TRX,TRON (TRC20),TLRPtPM7UYp8MszAiUh4sSRbuMVRdnkxN8,,-1,mWZZy9,TCFLL5dx5ZJdKnWuesXxi1VPwjLVmWZZy9,1,1,20,20,0.1,50,8,50,0
JTO,SOL,Solana,H9J4iqxRZZeDAzux33GdZqk3frX5tcGCZdGoU5tVLCzx,,-1,2f9mCL,jtojtomepa8beP8AuQc6eXt5FriJwfFMwQx2v2f9mCL,1,1,200,200,0.001,0.5,8,1,0
JUP,SOL,Solana,H9J4iqxRZZeDAzux33GdZqk3frX5tcGCZdGoU5tVLCzx,,-1,NsDvCN,JUPyiwrYJFskUPiHa7hkeR8VUtAeFoSYbKedZNsDvCN,1,1,200,200,0.000001,0.5,6,2,0
JUV,CHILIZ,Chiliz Chain,0x8e1703b42c662cdf8460af3735351ab2a3711e67,,-1,5616D0,0x454038003a93cf44766aF352F74bad6B745616D0,1,1,30,60,1,1,0,0,0
K,ETH,Ethereum (ERC20) ,0x8e1703b42c662cdf8460af3735351ab2a3711e67,,-1,Fd81a8,0xfb072b42907dA2Bf7A8E8cB5dCAa790D45Fd81a8,1,0,6,64,0.1,20,8,10,0
K,SOL,SOL,H9J4iqxRZZeDAzux33GdZqk3frX5tcGCZdGoU5tVLCzx,,-1,CeDzbr,ERpDpYmuifJUKbaB1Dv9hnJ67RM21Jujmxz18JCeDzbr,1,1,200,200,0.1,6,8,70,0
KAIA,KLAY,KAIA,0x8e1703b42c662cdf8460af3735351ab2a3711e67,,-1,,,1,1,30,120,0.01,0.1,8,0.1,0
KAS,KAS,Kaspa,kaspa:qpkr5f3m7xrzw6pv9vfkh9lsvjlmvay2r9qe5uutp0t5gy6fyc0guwf0ey75k,,-1,,,1,1,1000,1000,0.1,1,8,5,0
KAVA,KAVA,KAVA,kava1e7hc79eah0evz3dl5khnyh56w4y9nv3cmepvff,10025573,-1,,,1,1,6,6,0.000001,0.01,6,0.01,0
KCS,ETH,Ethereum (ERC20),0x8e1703b42c662cdf8460af3735351ab2a3711e67,,-1,a28811,0xf34960d9d60be18cC1D5Afc1A6F012A723a28811,1,1,6,64,0.000001,0.5,6,0.5,0
KILO,BSC,BSC (BEP20),0x8e1703b42c662cdf8460af3735351ab2a3711e67,,500000000,c1df53,0x503fa24b7972677f00c4618e5fbe237780c1df53,1,1,60,60,0.1,20,8,10,0
KMNO,SOL,Solana,H9J4iqxRZZeDAzux33GdZqk3frX5tcGCZdGoU5tVLCzx,,-1,UBo9sS,KMNo3nJsBXfcpJTVhZcXLW7RmTwTt4GVFE7suUBo9sS,1,1,200,200,0.000001,10,6,10,0
KSM,KSMAH,Kusama Asset Hub,Ciiy34HdbzAtnZj9Su1XkUmiyFqKFCgpFUcbciBjSPh8rRv,,-1,,,1,1,15,30,0.0001,0.01,8,0.01,0
KUB,ETH,Ethereum (ERC20),0x8e1703b42c662cdf8460af3735351ab2a3711e67,,-1,5ae14D,0x0649Cef6D11ed6F88535462E147304d3FE5ae14D,1,1,6,64,0.001,2,8,2,0
L3,ETH,Ethereum (ERC20),0x8e1703b42c662cdf8460af3735351ab2a3711e67,,-1,78FD9a,0x88909D489678dD17aA6D9609F89B0419Bf78FD9a,1,1,6,64,0.1,50,8,50,0
LA,ETH,Ethereum (ERC20),0x8e1703b42c662cdf8460af3735351ab2a3711e67,,-1,66f467,0x0fc2a55d5BD13033f1ee0cdd11f60F7eFe66f467,1,1,6,64,0.01,16,8,8,0
LAVA,ARBI,ARBI,0x8e1703b42c662cdf8460af3735351ab2a3711e67,,-1,0361AF,0x11e969e9B3f89cB16D686a03Cd8508C9fC0361AF,1,1,120,3360,0.000001,13,6,13,0
LAYER,SOL,SOL,H9J4iqxRZZeDAzux33GdZqk3frX5tcGCZdGoU5tVLCzx,,-1,wY2Yzc,LAYER4xPpTCb3QL8S9u41EAhAX7mhBn8Q6xMTwY2Yzc,1,1,200,200,0.01,6,8,3,0
LBTC,ETH,Ethereum (ERC20) ,0x8e1703b42c662cdf8460af3735351ab2a3711e67,,-1,634494,0x8236a87084f8B84306f72007F36F2618A5634494,1,1,6,64,0.000001,0.000025,8,0.000025,0
LDO,ETH,Ethereum (ERC20),0x8e1703b42c662cdf8460af3735351ab2a3711e67,,-1,ef1b32,0x5a98fcbea516cf06857215779fd812ca3bef1b32,1,1,6,64,0.001,2,8,2,0
LINEA,ETH,Ethereum (ERC20) ,0x8e1703b42c662cdf8460af3735351ab2a3711e67,,-1,AfBB04,0x1789e0043623282D5DCc7F213d703C6D8BAfBB04,1,0,6,64,0.1,1,8,0,0
LINEA,LINEA,LINEA,0x8e1703b42c662cdf8460af3735351ab2a3711e67,,-1,AfBB04,0x1789e0043623282D5DCc7F213d703C6D8BAfBB04,1,1,60,4800,0.1,1,8,0,0
LINK,ETH,Ethereum (ERC20),0x8e1703b42c662cdf8460af3735351ab2a3711e67,,-1,f986ca,0x514910771af9ca656af840dff83e8264ecf986ca,1,1,6,64,0.0001,0.5,8,0.25,0
LIT,ETH,Ethereum (ERC20),0x8e1703b42c662cdf8460af3735351ab2a3711e67,,-1,784Ee2,0x232CE3bd40fCd6f80f3d55A522d03f25Df784Ee2,1,1,6,64,0,3,8,1.5,0
LITKEY,BASE,Base Mainnet,0x8e1703b42c662cdf8460af3735351ab2a3711e67,,-1,925E49,0xF732A566121Fa6362E9E0FBdd6D66E5c8C925E49,1,1,30,1800,0.1,50,8,25,0
LITKEY,ETH,Ethereum (ERC20) ,0x8e1703b42c662cdf8460af3735351ab2a3711e67,,-1,301B42,0x4D4eb0E8B160f6EbF63cC6d36060ffec09301B42,1,1,6,64,0.1,12,8,6,0
LMWR,ETH,Ethereum (ERC20),0x8e1703b42c662cdf8460af3735351ab2a3711e67,,-1,b9bc88,0x628A3b2E302C7e896AcC432D2d0dD22B6cb9bc88,1,1,6,64,0.1,15,8,15,0
LRC,ETH,Ethereum (ERC20),0x8e1703b42c662cdf8460af3735351ab2a3711e67,,-1,7aeafd,0xbbbbca6a901c926f240b89eacb641d8aec7aeafd,1,1,6,64,0.01,24,8,12,0
LTC,LTC,LTC,LNfzjog83DLFubNGXpc2DYzmVPSLXbsuSz,,-1,,,1,1,6,6,0.00001,0.001,8,0.0001,0
LUNA,LUNANEW,Terra,terra1djhrh9dgxqmqytfvtv733vvkset37p3qfnv7nf,,-1,,,1,1,30,30,0.1,0.01,6,0.01,0
LUNAI,BASE,BASE,0x8e1703b42c662cdf8460af3735351ab2a3711e67,,-1,247ee4,0x55cD6469F597452B5A7536e2CD98fDE4c1247ee4,1,1,30,1800,0.1,18,8,12,0
LUNC,LUNA,Terra Classic,terra1djhrh9dgxqmqytfvtv733vvkset37p3qfnv7nf,,-1,,,1,1,30,30,0.000001,8000,6,8000,0.005
MAGIC,ARBI,Arbitrum One,0x8e1703b42c662cdf8460af3735351ab2a3711e67,,-1,F60342,0x539bdE0d7Dbd336b79148AA742883198BBF60342,1,1,120,3360,12,0.3,8,0.3,0
MAJOR,TON,TON,UQBNyDB5zyARo7ozJsXgwCB6xaMxlxoYqZO67QeYcdv4CVTZ,,-1,_MAJOR,EQCuPm01HldiduQ55xaBF_1kaW_WAUy5DHey8suqzU_MAJOR,1,1,1,1,0.01,1,8,1,0
MANA,ETH,Ethereum (ERC20),0x8e1703b42c662cdf8460af3735351ab2a3711e67,,-1,8cc942,0x0f5d2fb29fb7d3cfee444a200298f468908cc942,1,1,6,64,0.01,36,8,18,0
MANTA,MANTA,Manta Pacific Mainnet,0x8e1703b42c662cdf8460af3735351ab2a3711e67,,-1,C544E5,0x95CeF13441Be50d20cA4558CC0a27B601aC544E5,1,1,12,180,0.01,2,8,1,0
MASA,ETH,Ethereum (ERC20),0x8e1703b42c662cdf8460af3735351ab2a3711e67,,-1,063092,0x944824290CC12F31ae18Ef51216A223Ba4063092,1,1,6,64,0.1,50,8,50,0
MASK,ETH,Ethereum (ERC20),0x8e1703b42c662cdf8460af3735351ab2a3711e67,,-1,623074,0x69af81e73a73b40adf4f3d4223cd9b1ece623074,1,1,6,64,0.001,1,8,1,0
MAVIA,BASE,BASE,0x8e1703b42c662cdf8460af3735351ab2a3711e67,,-1,c93584,0x24fcFC492C1393274B6bcd568ac9e225BEc93584,1,1,30,1800,0.01,0.2,8,0.1,0
MAVIA,ETH,Ethereum (ERC20),0x8e1703b42c662cdf8460af3735351ab2a3711e67,,-1,c93584,0x24fcFC492C1393274B6bcd568ac9e225BEc93584,1,1,6,64,0.01,5,8,5,0
MBOX,BSC,BSC (BEP20),0x8e1703b42c662cdf8460af3735351ab2a3711e67,,-1,da2377,0x3203c9E46cA618C8C1cE5dC67e7e9D75f5da2377,1,1,60,60,0.1,1,8,1,0
MBX,KLAY,KAIA,0x8e1703b42c662cdf8460af3735351ab2a3711e67,,-1,41f623,0xd068c52d81f4409b9502da926ace3301cc41f623,1,1,30,120,0.01,1.5,8,1.5,0
MCDX,SOL,SOL,H9J4iqxRZZeDAzux33GdZqk3frX5tcGCZdGoU5tVLCzx,,-1,SxAWT2,XsqE9cRRpzxcGKDXj1BJ7Xmg4GRhZoyY1KpmGSxAWT2,1,1,200,200,0.00001,0.006,8,0.003,0
MCRT,BSC,BSC (BEP20),0x8e1703b42c662cdf8460af3735351ab2a3711e67,,-1,221e4f,0x4b8285aB433D8f69CB48d5Ad62b415ed1a221e4f,1,1,60,60,0.1,10,8,10,0
ME,SOL,SOL,H9J4iqxRZZeDAzux33GdZqk3frX5tcGCZdGoU5tVLCzx,,-1,Sam21u,MEFNBXixkEbait3xn9bkm8WsJzXtVsaJEn4c8Sam21u,1,1,200,200,0.000001,1.5,6,1.5,0
MEE,MATIC,Polygon PoS,0x8e1703b42c662cdf8460af3735351ab2a3711e67,,-1,441f3D,0xEB7eaB87837f4Dad1bb80856db9E4506Fc441f3D,1,1,60,150,0.1,10,8,10,0
MEME,ETH,Ethereum (ERC20),0x8e1703b42c662cdf8460af3735351ab2a3711e67,,-1,42cd74,0xb131f4a55907b10d1f0a50d8ab8fa09ec342cd74,1,1,6,64,0.1,200,8,200,0
MERL,MERLIN,Merlin Chain,0x8e1703b42c662cdf8460af3735351ab2a3711e67,,-1,c87378,0x5c46bFF4B38dc1EAE09C5BAc65872a1D8bc87378,1,1,150,1200,0.01,6,8,5,0
MET,SOL,Solana,H9J4iqxRZZeDAzux33GdZqk3frX5tcGCZdGoU5tVLCzx,,-1,n6mWQL,METvsvVRapdj9cFLzq4Tr43xK4tAjQfwX76z3n6mWQL,1,1,200,200,0.000001,4,6,2,0
METAX,SOL,SOL,H9J4iqxRZZeDAzux33GdZqk3frX5tcGCZdGoU5tVLCzx,,-1,PCo5Zu,Xsa62P5mvPszXL1krVUnU5ar38bBSVcWAB6fmPCo5Zu,1,1,200,200,0.000001,0.003,8,0.0015,0
METH,ETH,Ethereum (ERC20),0x8e1703b42c662cdf8460af3735351ab2a3711e67,,-1,B0ADfa,0xd5F7838F5C461fefF7FE49ea5ebaF7728bB0ADfa,1,1,6,64,0.000001,0.003,8,0.003,0
METH,MANTLE,Mantle Network,0x8e1703b42c662cdf8460af3735351ab2a3711e67,,-1,B90bb0,0xcDA86A272531e8640cD7F1a92c01839911B90bb0,1,1,100,700,0.000001,0.0003,8,0,0
MEW,SOL,Solana,H9J4iqxRZZeDAzux33GdZqk3frX5tcGCZdGoU5tVLCzx,,-1,zScPP5,MEW1gQWJ3nEXg2qgERiKu7FAFj79PHvQVREQUzScPP5,1,1,200,200,0.00001,2400,5,1200,0
MILK,BSC,BSC (BEP20),0x8e1703b42c662cdf8460af3735351ab2a3711e67,,-1,021AcD,0x7b4Bf9fEcCfF207eF2CB7101Ceb15b8516021AcD,1,0,60,60,0.000001,20,6,10,0
MILK,MILK,MilkyWay,milk1m22c2svfsssredwkmqhw0tlwku9j98chx6vlx3,,500000000,,,1,1,10,90,0.000001,0.0001,6,0.0001,0
MINA,MINA,MINA,B62qq8gKhKgS7zoxdo1fHFVn1kLa6vYN4dvrBgZwpbUcMJYbt8Fmeec,,-1,,,1,1,20,20,0.01,2.5,8,0.5,0
MMT,SUI,SUI,0x4b53485baf19637218b347aa476a39ac0510958d55f78c69c4be9e244add17df,,-1,t::MMT,0x35169bc93e1fddfcf3a82a9eae726d349689ed59e4b065369af8789fe59f8608::mmt::MMT,1,1,1,1,0.01,4,8,2,0
MNT,ETH,Ethereum (ERC20),0x8e1703b42c662cdf8460af3735351ab2a3711e67,,-1,6bf354,0x3c3a81e81dc49a522a592e7622a7e711c06bf354,1,1,6,64,0.001,3,8,3,0
MNT,HYPEREVM,HYPEREVM,0x8e1703b42c662cdf8460af3735351ab2a3711e67,,-1,5Feb6B,0x36721e62EdeA413dC5195C4cA9C5A7eb175Feb6B,1,0,30,30,0.001,0.5,8,0.5,0
MNT,MANTLE,Mantle Network,0x8e1703b42c662cdf8460af3735351ab2a3711e67,,-1,,,1,1,100,700,0.001,10,8,0,0
MNT,SOL,SOL,H9J4iqxRZZeDAzux33GdZqk3frX5tcGCZdGoU5tVLCzx,,-1,BWoJUt,4SoQ8UkWfeDH47T56PA53CZCeW4KytYCiU65CwBWoJUt,1,0,200,200,0,,8,,
MOCA,ETH,Ethereum (ERC20),0x8e1703b42c662cdf8460af3735351ab2a3711e67,,-1,11e8c5,0xF944e35f95E819E752f3cCB5Faf40957d311e8c5,1,1,6,64,0.1,50,8,50,0
MODE,MODE,Mode,0x8e1703b42c662cdf8460af3735351ab2a3711e67,,-1,e3167a,0xDfc7C877a950e49D2610114102175A06C2e3167a,1,1,200,1500,0.1,0.1,8,0.1,0
MOG,BASE,BASE,0x8e1703b42c662cdf8460af3735351ab2a3711e67,,-1,a7AF71,0x2Da56AcB9Ea78330f947bD57C54119Debda7AF71,1,0,30,1800,0.1,300000,8,300000,0
MOG,ETH,Ethereum (ERC20),0x8e1703b42c662cdf8460af3735351ab2a3711e67,,-1,C21C7a,0xaaeE1A9723aaDB7afA2810263653A34bA2C21C7a,1,1,6,64,0.1,1500000,8,1500000,0
MON,MONAD,MONAD,0x8e1703b42c662cdf8460af3735351ab2a3711e67,,-1,,,1,1,3,10,1,4,8,2,0
MONPRO,ETH,Ethereum (ERC20),0x8e1703b42c662cdf8460af3735351ab2a3711e67,,-1,4a600e,0xc555D625828c4527d477e595fF1Dd5801B4a600e,1,1,6,64,0.1,50,8,50,0
MORPHO,BASE,BASE,0x8e1703b42c662cdf8460af3735351ab2a3711e67,,-1,2a0842,0xBAa5CC21fd487B8Fcc2F632f3F4E8D37262a0842,1,1,30,1800,0.001,0.3,8,0.3,0
MORPHO,ETH,Ethereum (ERC20),0x8e1703b42c662cdf8460af3735351ab2a3711e67,,-1,69c2B2,0x58D97B57BB95320F9a05dC918Aef65434969c2B2,1,1,6,64,0.001,5,8,2,0
MOVE,ETH,ETH,0x8e1703b42c662cdf8460af3735351ab2a3711e67,,-1,1a3073,0x3073f7aAA4DB83f95e9FFf17424F71D4751a3073,1,1,6,64,0.01,25,8,25,0
MOVE,MOVE,Movement Network,0x76bb20f88d2e7e2c5028d8e9b71ab2a7c44c4a6a8713ddd724aed4a3f8fc2969,,500000000,,,1,0,1,1,0.01,0.01,8,0.01,0
MOVR,MOVR,MOVR,0x8e1703b42c662cdf8460af3735351ab2a3711e67,,-1,,,1,1,30,30,0.001,0.003,8,0.003,0
MPLX,SOL,SOL,H9J4iqxRZZeDAzux33GdZqk3frX5tcGCZdGoU5tVLCzx,,-1,DPY18m,METAewgxyPbgwsseH8T16a39CQ5VyVxZi9zXiDPY18m,1,1,200,200,0.000001,80,6,40,0
MVL,ETH,Ethereum (ERC20),0x8e1703b42c662cdf8460af3735351ab2a3711e67,,-1,18Dc71,0xA849EaaE994fb86Afa73382e9Bd88c2B6b18Dc71,1,1,6,64,0.1,1000,8,1000,0
MX,ETH,Ethereum (ERC20),0x8e1703b42c662cdf8460af3735351ab2a3711e67,,-1,797f36,0x11eef04c884e24d9b7b4760e7476d06ddf797f36,1,1,6,64,0.001,2,8,1,0
NAKA,MATIC,Polygon PoS,0x8e1703b42c662cdf8460af3735351ab2a3711e67,,-1,C0D737,0x311434160D7537be358930def317AfB606C0D737,1,1,60,150,0.01,1,8,1,0
NAVX,SUI,SUI,0x4b53485baf19637218b347aa476a39ac0510958d55f78c69c4be9e244add17df,,-1,::NAVX,0xa99b8952d4f7d947ea77fe0ecdcc9e5fc0bcab2841d6e2a5aa00c3044e5544b5::navx::NAVX,1,1,1,1,0.1,3,8,3,0
NEAR,NEAR,NEAR,313abf292dd127470b0bc897d511993c2bd3b590fdb5e7ae1f3e164a24f4e958,,-1,,,1,1,5,5,0.001,0.2,8,0.01,0
NEIROCTO,ETH,Ethereum (ERC20),0x8e1703b42c662cdf8460af3735351ab2a3711e67,,-1,A853Ee,0x812Ba41e071C7b7fA4EBcFB62dF5F45f6fA853Ee,1,1,6,64,0.1,2000,8,2000,0
NEON,SOL,SOL,H9J4iqxRZZeDAzux33GdZqk3frX5tcGCZdGoU5tVLCzx,,-1,8Zut44,NeonTjSjsuo3rexg9o6vHuMXw62f9V7zvmu8M8Zut44,1,1,200,200,0.01,4,8,7,0
NEWT,ETH,Ethereum (ERC20),0x8e1703b42c662cdf8460af3735351ab2a3711e67,,-1,79285D,0xD0eC028a3D21533Fdd200838F39c85B03679285D,1,1,6,64,0.01,20,8,6,0
NEXO,ETH,Ethereum (ERC20),0x8e1703b42c662cdf8460af3735351ab2a3711e67,,-1,815206,0xb62132e35a6c13ee1ee0f84dc5d40bad8d815206,1,1,6,64,0.001,5,8,5,0
NFT,TRX,TRON (TRC20),TLRPtPM7UYp8MszAiUh4sSRbuMVRdnkxN8,,-1,z6cPNq,TFczxzPhnThNSqr5by8tvxsdCFRRz6cPNq,1,1,20,20,0.000001,270000,6,270000,0
NIBI,NIBI,NIBI,nibi1s74u7n0mmxz5zjexryluen45r4a4p53y090r62,10048660,-1,,,1,1,10,10,0.000001,5,6,10,0
NIGHT,ADA,ADA,addr1v9hfw5ezh07rt3eehhqcqxfjzky02z5qsaj3dpnezhaszhgrgu77x,,-1,474854,0691b2fecca1ac4f53cb6dfb00b7013e561d1f34403b957cbb5af1fa:4e49474854,1,1,15,70,0,40,6,20,0
NOM,ETH,Ethereum (ERC20) ,0x8e1703b42c662cdf8460af3735351ab2a3711e67,,-1,923340,0x6e6F6d696e61decd6605bD4a57836c5DB6923340,1,1,6,64,0.1,120,8,60,0
NOT,TON,TON,UQBNyDB5zyARo7ozJsXgwCB6xaMxlxoYqZO67QeYcdv4CVTZ,,-1,M__NOT,EQAvlWFDxGF2lXm67y4yzC17wYKD9A0guwPkMs1gOsM__NOT,1,1,1,1,0.1,30,8,30,0
NRN,ARBI,Arbitrum One,0x8e1703b42c662cdf8460af3735351ab2a3711e67,,-1,974905,0xdadeca1167fe47499e53Eb50F261103630974905,1,1,120,3360,0.1,10,8,10,0
NS,SUI,SUI,0x4b53485baf19637218b347aa476a39ac0510958d55f78c69c4be9e244add17df,,-1,ns::NS,0x5145494a5f5100e645e4b0aa950fa6b68f614e8c59e17bc5ded3495123a79178::ns::NS,1,1,1,1,0.000001,2,6,2,0
NVDAX,SOL,SOL,H9J4iqxRZZeDAzux33GdZqk3frX5tcGCZdGoU5tVLCzx,,-1,mx9qEh,Xsc9qvGR1efVDFGLrVsmkzv3qi45LTBjeUKSPmx9qEh,1,1,200,200,0.00001,0.01,8,0.005,0
NXPC,CAVAX,AVAXC,0x8e1703b42c662cdf8460af3735351ab2a3711e67,,-1,21fb59,0x5E0E90E268BC247Cc850c789A0DB0d5c7621fb59,1,1,30,120,0.01,2,8,1,0
NYM,ETH,Ethereum (ERC20),0x8e1703b42c662cdf8460af3735351ab2a3711e67,,-1,3990e1,0x525A8F6F3Ba4752868cde25164382BfbaE3990e1,1,1,6,64,0.000001,20,6,20,0
OAS,OAS,OAS,0x8e1703b42c662cdf8460af3735351ab2a3711e67,,-1,,,1,1,15,15,0.1,1,8,1,0
OBOL,ETH,Ethereum (ERC20),0x8e1703b42c662cdf8460af3735351ab2a3711e67,,-1,29D5F7,0x0B010000b7624eb9B3DfBC279673C76E9D29D5F7,1,1,6,64,0.01,0.1,8,0.1,0
OBT,ARBI,ARBI,0x8e1703b42c662cdf8460af3735351ab2a3711e67,,-1,5aa46f,0x1CD9a56c8C2eA913c70319A44Da75e99255aa46f,1,1,120,3360,0.1,100,8,50,0
OBT,BASE,BASE,0x8e1703b42c662cdf8460af3735351ab2a3711e67,,-1,239B52,0x514D8E8099286a13486Ef6C525C120f51C239B52,1,1,30,1800,0.1,100,8,50,0
OL,ETH,Ethereum (ERC20),0x8e1703b42c662cdf8460af3735351ab2a3711e67,,-1,5DCC3A,0x1F57da732A77636D913C9a75d685B26CC85DCC3A,1,1,6,64,0.1,30,8,30,0
OM,MANTRA,MANTRA,mantra1ekldrunytexsz3xpw9cl8w7mjgyedls7783q43,,-1,,,1,1,10,20,0.001,2,6,1,0
ONDO,ETH,Ethereum (ERC20),0x8e1703b42c662cdf8460af3735351ab2a3711e67,,-1,269BE3,0xfAbA6f8e4a5E8Ab82F62fe7C39859FA577269BE3,1,1,6,64,0.001,5,8,5,0
ONE,ONE,ONE,one1rng6gplkl6lgjvw0ya3suxe02tqujmsw0huupy,,-1,,,1,1,70,70,0.1,60,8,0.1,0
OP,OP,OP Mainnet,0x8e1703b42c662cdf8460af3735351ab2a3711e67,,-1,000042,0x4200000000000000000000000000000000000042,1,1,30,1800,0.01,0.1,8,0.1,0
ORDER,ETH,Ethereum (ERC20),0x8e1703b42c662cdf8460af3735351ab2a3711e67,,-1,764337,0xABD4C63d2616A5201454168269031355f4764337,1,1,6,64,0.01,30,8,30,0
ORDI,BTC,BRC20 - unisat,12uDr9PA5haFHegeMHQ1MoDckzqmwbfMax,,-1,ordi,ordi,1,1,3,3,0.001,0.8,8,0.8,0
PAAL,ETH,Ethereum (ERC20),0x8e1703b42c662cdf8460af3735351ab2a3711e67,,-1,D10e16,0x14feE680690900BA0ccCfC76AD70Fd1b95D10e16,1,1,6,64,0.1,30,8,30,0
PARTI,BSC,BSC (BEP20),0x8e1703b42c662cdf8460af3735351ab2a3711e67,,50000000000,Eb0F00,0x59264f02D301281f3393e1385c0aEFd446Eb0F00,1,1,60,60,0.01,20,8,10,0
PARTI,BASE,Base Mainnet,0x8e1703b42c662cdf8460af3735351ab2a3711e67,,50000000000,Eb0F00,0x59264f02D301281f3393e1385c0aEFd446Eb0F00,1,1,30,1800,0.01,20,8,10,0
PENDLE,ETH,Ethereum (ERC20),0x8e1703b42c662cdf8460af3735351ab2a3711e67,,-1,8da827,0x808507121b80c02388fad14726482e061b8da827,1,1,6,64,0.001,1.15,8,1.15,0
PENGU,SOL,SOL,H9J4iqxRZZeDAzux33GdZqk3frX5tcGCZdGoU5tVLCzx,,-1,Bouauv,2zMMhcVQEXDtdE6vsFS7S7D5oUodfJHE8vd1gnBouauv,1,1,200,200,0.000001,200,6,100,0
PEOPLE,ETH,Ethereum (ERC20),0x8e1703b42c662cdf8460af3735351ab2a3711e67,,-1,736c71,0x7a58c0be72be218b41c608b7fe7c5bb630736c71,1,1,6,64,0.1,187,8,187,0
PEPE,ETH,Ethereum (ERC20),0x8e1703b42c662cdf8460af3735351ab2a3711e67,,-1,311933,0x6982508145454ce325ddbe47a25d4ec3d2311933,1,1,6,64,0.000001,340000,8,340000,0
PERP,ETH,Ethereum (ERC20),0x8e1703b42c662cdf8460af3735351ab2a3711e67,,-1,233447,0xbc396689893d065f41bc2c6ecbee5e0085233447,1,1,6,64,0.01,3,8,3,0
PIEVERSE,BSC,BSC (BEP20),0x8e1703b42c662cdf8460af3735351ab2a3711e67,,-1,0225A9,0x0E63B9C287E32A05E6b9AB8ee8dF88A2760225A9,1,1,60,60,0.01,10,8,5,0
PIEVERSE,ETH,Ethereum (ERC20) ,0x8e1703b42c662cdf8460af3735351ab2a3711e67,,-1,0225A9,0x0E63B9C287E32A05E6b9AB8ee8dF88A2760225A9,1,1,6,64,0.01,30,8,15,0
PIRATE,ETH,Ethereum (ERC20),0x8e1703b42c662cdf8460af3735351ab2a3711e67,,-1,f6f8DC,0x7613C48E0cd50E42dD9Bf0f6c235063145f6f8DC,1,1,6,64,0.00000001,30,8,30,0
PLUME,ETH,ETH,0x8e1703b42c662cdf8460af3735351ab2a3711e67,,-1,4eA5F1,0x4C1746A800D224393fE2470C70A35717eD4eA5F1,1,0,6,64,0.1,40,8,20,0
PLUME,PLUME,PLUME,0x8e1703b42c662cdf8460af3735351ab2a3711e67,,-1,,,1,1,10,4500,0.1,10,8,5,0
PNUT,SOL,SOL,H9J4iqxRZZeDAzux33GdZqk3frX5tcGCZdGoU5tVLCzx,,-1,1tpump,2qEHjDLDLbuBgRYvsxhc5D6uDWAivNFZGan56P1tpump,1,1,200,200,0.000001,6,6,6,0
POL,ETH,Ethereum (ERC20),0x8e1703b42c662cdf8460af3735351ab2a3711e67,,-1,FFC3F6,0x455e53CBB86018Ac2B8092FdCd39d8444aFFC3F6,1,1,6,64,0.01,5,8,5,0
POL,MATIC,Polygon PoS,0x8e1703b42c662cdf8460af3735351ab2a3711e67,,-1,,,1,1,60,150,0.01,0.4,8,0.2,0
PONKE,SOL,Solana,H9J4iqxRZZeDAzux33GdZqk3frX5tcGCZdGoU5tVLCzx,,-1,SWmrRC,5z3EqYQo9HiCEs3R84RCDMu2n7anpDMxRhdK8PSWmrRC,1,1,200,200,0.1,4,8,15,0
POPCAT,SOL,SOL,H9J4iqxRZZeDAzux33GdZqk3frX5tcGCZdGoU5tVLCzx,,-1,YmW2hr,7GCihgDB8fe6KNjn2MYtkzZcRjQy3t9GHdC8uHYmW2hr,1,1,200,200,0.01,4,8,4,0
PORT3,BSC,BSC (BEP20),0x8e1703b42c662cdf8460af3735351ab2a3711e67,,500000000,83f6c2,0xf6402bec11bd945bbd46be77e1fa5d477883f6c2,1,1,60,60,0.1,200,8,100,0
PORTAL,ETH,Ethereum (ERC20),0x8e1703b42c662cdf8460af3735351ab2a3711e67,,-1,001Fed,0x1Bbe973BeF3a977Fc51CbED703E8ffDEfE001Fed,1,1,6,64,0.1,10,8,10,0
PORTALS,SOL,SOL,H9J4iqxRZZeDAzux33GdZqk3frX5tcGCZdGoU5tVLCzx,,-1,L9zwwg,PRTLSwfLzpVGSAQiUfXEenJkq1cwTsEcsn1hPL9zwwg,1,1,200,200,0.1,10,8,18,0
PRCL,SOL,Solana,H9J4iqxRZZeDAzux33GdZqk3frX5tcGCZdGoU5tVLCzx,,-1,VC2AHs,4LLbsb5ReP3yEtYzmXewyGjcir5uXtKFURtaEUVC2AHs,1,1,200,200,0.000001,3,6,16.912534,0
PRIME,ETH,Ethereum (ERC20),0x8e1703b42c662cdf8460af3735351ab2a3711e67,,-1,d428CF,0xb23d80f5FefcDDaa212212F028021B41DEd428CF,1,1,6,64,0.001,0.3,8,0.3,0
PROVE,BSC,BSC (BEP20),0x8e1703b42c662cdf8460af3735351ab2a3711e67,,-1,A15929,0x7DDf164CEcfddd0f992299D033B5a11279A15929,1,1,60,60,0.01,6,8,1,0
PROVE,ETH,Ethereum (ERC20) ,0x8e1703b42c662cdf8460af3735351ab2a3711e67,,-1,C4ad29,0x6BEF15D938d4E72056AC92Ea4bDD0D76B1C4ad29,1,0,6,64,0.01,10,8,3,0
PSG,CHILIZ,Chiliz Chain,0x8e1703b42c662cdf8460af3735351ab2a3711e67,,-1,8A3105,0xc2661815C69c2B3924D3dd0c2C1358A1E38A3105,1,1,30,60,1,1,0,0,0
PSTAKE,ETH,Ethereum (ERC20),0x8e1703b42c662cdf8460af3735351ab2a3711e67,,-1,f77006,0xfb5c6815ca3ac72ce9f5006869ae67f18bf77006,1,1,6,64,0.1,40,8,40,0
PUFF,MANTLE,MANTLE,0x8e1703b42c662cdf8460af3735351ab2a3711e67,,-1,3Be140,0x26a6b0dcdCfb981362aFA56D581e4A7dBA3Be140,1,1,100,700,0.01,10,8,10,0
PUFFER,ETH,Ethereum (ERC20),0x8e1703b42c662cdf8460af3735351ab2a3711e67,,-1,664530,0x4d1C297d39C5c1277964D0E3f8Aa901493664530,1,1,6,64,0.01,10,8,10,0
PUMP,SOL,SOL,H9J4iqxRZZeDAzux33GdZqk3frX5tcGCZdGoU5tVLCzx,,-1,7H9Dfn,pumpCmXqMfrsAkQ5r49WcJnRayYRqmXz6ae8H7H9Dfn,1,1,200,200,10,500,6,250,0
PUMPBTC,BSC,BSC (BEP20),0x8e1703b42c662cdf8460af3735351ab2a3711e67,,500000000,F53F0C,0xB7C0007ab75350c582d5eAb1862b872B5cF53F0C,1,1,60,60,0.1,2,8,1,0
PUMPBTC,ETH,Ethereum (ERC20),0x8e1703b42c662cdf8460af3735351ab2a3711e67,,50000000000,F53F0C,0xB7C0007ab75350c582d5eAb1862b872B5cF53F0C,1,1,6,64,0.1,40,8,1,0
PYBOBO,SOL,SOL,H9J4iqxRZZeDAzux33GdZqk3frX5tcGCZdGoU5tVLCzx,,-1,TTx4oE,D6xWgRCSHoMEB5fqPwk3p6Stxirn5ytm2WwboSTTx4oE,1,1,200,200,0,3400,6,1700,0
PYTH,SOL,Solana,H9J4iqxRZZeDAzux33GdZqk3frX5tcGCZdGoU5tVLCzx,,-1,CQBCt3,HZ1JovNiVvGrGNiiYvEozEVgZ58xaU3RKwX8eACQBCt3,1,1,200,200,0.000001,2,6,6,0
PYUSD,ETH,Ethereum (ERC20),0x8e1703b42c662cdf8460af3735351ab2a3711e67,,-1,23A0e8,0x6c3ea9036406852006290770BEdFcAbA0e23A0e8,1,1,6,64,0.005,6,6,3,0
PYUSD,SOL,SOL,H9J4iqxRZZeDAzux33GdZqk3frX5tcGCZdGoU5tVLCzx,,-1,u24GXo,2b1kV6DkPAnxd5ixfnxCpjxmKwqjjaYmCZfHsFu24GXo,1,1,200,200,0.005,0.5,6,1,0
QNT,ETH,Ethereum (ERC20),0x8e1703b42c662cdf8460af3735351ab2a3711e67,,-1,254675,0x4a220e6096b25eadb88358cb44068a3248254675,1,1,6,64,0.00001,0.09,8,0.045,0
QORPO,ETH,Ethereum (ERC20),0x8e1703b42c662cdf8460af3735351ab2a3711e67,,-1,FAA940,0x22514fFb0d7232a56F0c24090E7B68f179FAA940,1,1,6,64,0.1,10,8,10,0
QTUM,QTUM,QTUM,QPKk482Pzd7utN2U8BXxe7zZ9qJoMWtjS3,,-1,,,1,1,144,144,0.001,0.02,8,0.01,0
RATS,BTC,BRC20 - unisat,12uDr9PA5haFHegeMHQ1MoDckzqmwbfMax,,-1,rats,rats,1,1,3,3,0.1,180000,8,120000,0
RDNT,ARBI,Arbitrum One,0x8e1703b42c662cdf8460af3735351ab2a3711e67,,-1,50aaa0,0x3082cc23568ea640225c2467653db90e9250aaa0,1,1,120,3360,0.1,0.3,8,0.3,0
RECALL,BASE,Base Mainnet,0x8e1703b42c662cdf8460af3735351ab2a3711e67,,-1,0D0671,0x1f16e03C1a5908818F47f6EE7bB16690b40D0671,1,1,30,1800,0.01,6,8,3,0
RED,ETH,Ethereum (ERC20),0x8e1703b42c662cdf8460af3735351ab2a3711e67,,500000000,0BB5dE,0xc43C6bfeDA065fE2c4c11765Bf838789bd0BB5dE,1,1,6,64,0.01,10,8,5,0
RENDER,SOL,SOL,H9J4iqxRZZeDAzux33GdZqk3frX5tcGCZdGoU5tVLCzx,,-1,EkHBof,rndrizKT3MK1iimdxRdWabcF7Zg7AR5T4nud4EkHBof,1,1,200,200,0.001,0.1,8,0.2,0
RESOLV,ETH,Ethereum (ERC20),0x8e1703b42c662cdf8460af3735351ab2a3711e67,,-1,f768A1,0x259338656198eC7A76c729514D3CB45Dfbf768A1,1,1,6,64,0.01,40,8,20,0
RLUSD,ETH,Ethereum (ERC20) ,0x8e1703b42c662cdf8460af3735351ab2a3711e67,,-1,6317eD,0x8292Bb45bf1Ee4d140127049757C2E0fF06317eD,1,1,6,64,0.001,3,8,3,0
RLUSD,XRP,XRP,rJn2zAPdFA193sixJwuFixRkYDUtx3apQh,501323098,-1,000000,524C555344000000000000000000000000000000,1,1,1,1,0.001,1,8,0.5,0
ROAM,SOL,SOL,H9J4iqxRZZeDAzux33GdZqk3frX5tcGCZdGoU5tVLCzx,,500000000,SiMVkn,RoamA1USA8xjvpTJZ6RvvxyDRzNh6GCA1zVGKSiMVkn,1,1,200,200,0.000001,10,6,16.333589,0
ROOT,ETH,Ethereum (ERC20),0x8e1703b42c662cdf8460af3735351ab2a3711e67,,-1,C4fa29,0xa3d4BEe77B05d4a0C943877558Ce21A763C4fa29,1,1,6,64,0.000001,120,6,120,0
ROSE,ROSE,ROSE,oasis1qqsa595mcmt0jss3538xyjr55caxfanl2uc58t7l,,-1,,,1,1,10,15,0.1,0.1,8,0.1,0
RPL,ETH,Ethereum (ERC20),0x8e1703b42c662cdf8460af3735351ab2a3711e67,,-1,21A51f,0xD33526068D116cE69F19A9ee46F0bd304F21A51f,1,1,6,64,0.001,0.08,8,0.08,0
RSS3,ETH,Ethereum (ERC20),0x8e1703b42c662cdf8460af3735351ab2a3711e67,,-1,b8d57f,0xc98d64da73a6616c42117b582e832812e7b8d57f,1,1,6,64,0.1,60,8,60,0
RUNE,RUNE,THORChain,thor1l8hvnr2rec39qnk5365hppywtwr8p8qwq3z3yw,10199567,-1,,,1,1,10,10,0.00000001,0.1,8,0.1,0
RVN,RVN,RVN,RD8RJmsBPzgWMkQ27KvpBsVcmXXyexa3SK,,-1,,,1,1,200,200,0.1,2,8,1,0
S,SONIC,Sonic,0x8e1703b42c662cdf8460af3735351ab2a3711e67,,-1,,,1,1,1,12,0.01,1.4,8,1.4,0
SAFE,ETH,Ethereum (ERC20),0x8e1703b42c662cdf8460af3735351ab2a3711e67,,-1,c1eEEe,0x5aFE3855358E112B5647B952709E6165e1c1eEEe,1,1,6,64,0.01,1,8,1,0
SAHARA,BSC,BSC (BEP20),0x8e1703b42c662cdf8460af3735351ab2a3711e67,,-1,7e1111,0xFDFfB411C4A70AA7C95D5C981a6Fb4Da867e1111,1,0,60,60,0.01,50,8,25,0
SAHARA,ETH,Ethereum (ERC20),0x8e1703b42c662cdf8460af3735351ab2a3711e67,,-1,7e1111,0xFDFfB411C4A70AA7C95D5C981a6Fb4Da867e1111,1,1,6,64,0.01,100,8,50,0
SAND,ETH,Ethereum (ERC20),0x8e1703b42c662cdf8460af3735351ab2a3711e67,,-1,03a5d0,0x3845badade8e6dff049820680d1f14bd3903a5d0,1,1,6,64,0.01,7.5,8,7.5,0
SAROS,SOL,Solana,H9J4iqxRZZeDAzux33GdZqk3frX5tcGCZdGoU5tVLCzx,,-1,EH1LGL,SarosY6Vscao718M4A778z4CGtvcwcGef5M9MEH1LGL,1,1,200,200,0.000001,100,6,150,0
SATS,BTC,BRC20 - unisat,12uDr9PA5haFHegeMHQ1MoDckzqmwbfMax,,-1,sats,sats,1,1,3,3,0.1,80000000,8,40000000,0
SC,SC,SC,22c90551b978f2f025692026934918d2829a4bb30fd3f30b9a8546fedb86a044baad9c4d2634,,-1,,,1,1,20,20,0.1,0.1,8,0.1,0
SCA,SUI,SUI,0x4b53485baf19637218b347aa476a39ac0510958d55f78c69c4be9e244add17df,,-1,a::SCA,0x7016aae72cfc67f2fadf55769c0a7dd54291a583b63051a5ed71081cce836ac6::sca::SCA,1,1,1,1,0.01,1,8,1,0
SCOR,BASE,Base Mainnet,0x8e1703b42c662cdf8460af3735351ab2a3711e67,,-1,d9C730,0xD67EC255100Ef200A439D09FF865fbAA2Ad9C730,1,1,30,1800,0,40,8,20,0
SCOR,MANTLE,Mantle Network,0x8e1703b42c662cdf8460af3735351ab2a3711e67,,-1,348F33,0x8DDB986b11c039a6CC1dbcabd62baE911b348F33,1,1,100,100,0,40,8,0,0
SCR,SCROLL,Scroll,0x8e1703b42c662cdf8460af3735351ab2a3711e67,,-1,217b1b,0xd29687c813D741E2F938F4aC377128810E217b1b,1,1,17,1200,0.01,0.5,8,0.5,0
SCRT,SCRT,SCRT,secret1tsz8v9k75jeqtl4exnf0qye5nme840h5n0pldk,10134759,-1,,,1,1,30,30,0.000001,0.1,6,0.1,0
SD,ETH,Ethereum (ERC20),0x8e1703b42c662cdf8460af3735351ab2a3711e67,,-1,04d10f,0x30d20208d987713f46dfd34ef128bb16c404d10f,1,1,6,64,0.01,5,8,5,0
SEI,SEI,SEI,sei10czwjwhcjdjexgz9ecn2xma5at9t04dfaxsf4t,10129711,-1,,,1,1,70,70,0.000001,0.2,6,0.2,0
SEI,SEIEVM,SEIEVM,0x8e1703b42c662cdf8460af3735351ab2a3711e67,,-1,,,1,1,10,10,0.000001,1,6,0.5,0
SEND,SUI,SUI,0x4b53485baf19637218b347aa476a39ac0510958d55f78c69c4be9e244add17df,,-1,::SEND,0xb45fcfcc2cc07ce0702cc2d229621e046c906ef14d9b25e8e4d25f6e8763fef7::send::SEND,1,1,1,1,0.000001,1.5,6,0.3,0
SENT,ETH,Ethereum (ERC20),0x8e1703b42c662cdf8460af3735351ab2a3711e67,,-1,BDaf76,0x56A3BA04E95d34268A19b2a4474DC979baBDaf76,1,1,6,64,0,220,8,110,0
SERAPH,BSC,BSC,0x8e1703b42c662cdf8460af3735351ab2a3711e67,,-1,d50cCa,0xd6B48CCF41a62EB3891e58D0F006B19B01d50cCa,1,1,60,60,0.1,12,8,12,0
SFUND,BSC,BSC (BEP20),0x8e1703b42c662cdf8460af3735351ab2a3711e67,,-1,6c5232,0xffDA10b7fd9Cf172e0502A6Bc0e5E355516c5232,1,1,60,60,0.01,0.2,8,0.2,0
SHIB,BSC,BSC (BEP20),0x8e1703b42c662cdf8460af3735351ab2a3711e67,,-1,d0dd4d,0x2859e4544c4bb03966803b044a93563bd2d0dd4d,1,1,60,60,0.1,7000,8,7000,0
SHIB,ETH,Ethereum (ERC20),0x8e1703b42c662cdf8460af3735351ab2a3711e67,,-1,64c4ce,0x95ad61b0a150d79219dcf64e1e6cc01f0b64c4ce,1,1,6,64,0.1,200000,8,200000,0
SIGN,BSC,BSC (BEP20),0x8e1703b42c662cdf8460af3735351ab2a3711e67,,-1,87A4c3,0x868FCEd65edBF0056c4163515dD840e9f287A4c3,1,0,60,60,0.1,20,8,10,0
SIGN,BASE,Base Mainnet,0x8e1703b42c662cdf8460af3735351ab2a3711e67,,-1,87A4c3,0x868FCEd65edBF0056c4163515dD840e9f287A4c3,1,1,30,1800,0.1,20,8,10,0
SIGN,ETH,Ethereum (ERC20),0x8e1703b42c662cdf8460af3735351ab2a3711e67,,-1,87A4c3,0x868FCEd65edBF0056c4163515dD840e9f287A4c3,1,0,6,64,0.1,40,8,40,0
SIS,ETH,Ethereum (ERC20),0x8e1703b42c662cdf8460af3735351ab2a3711e67,,-1,c76dd9,0xd38bb40815d2b0c2d2c866e0c72c5728ffc76dd9,1,1,6,64,0.01,17.5,8,8.75,0
SKATE,ETH,Ethereum (ERC20),0x8e1703b42c662cdf8460af3735351ab2a3711e67,,-1,cEf285,0x61DBbBb552dc893ab3aAd09F289f811E67cEf285,1,1,6,64,0.1,20,8,10,0
SKR,SOL,SOL,H9J4iqxRZZeDAzux33GdZqk3frX5tcGCZdGoU5tVLCzx,,-1,PGZhW3,SKRbvo6Gf7GondiT3BbTfuRDPqLWei4j2Qy2NPGZhW3,1,1,200,200,0,40,6,20,0
SKY,ETH,Ethereum (ERC20) ,0x8e1703b42c662cdf8460af3735351ab2a3711e67,,-1,Ed9279,0x56072C95FAA701256059aa122697B133aDEd9279,1,1,6,64,0.01,100,8,50,0
SLP,ETH,Ethereum (ERC20),0x8e1703b42c662cdf8460af3735351ab2a3711e67,,-1,caaa25,0xcc8fa225d80b9c7d42f96e9570156c65d6caaa25,1,1,6,64,1,1200,0,1200,0
SNX,ETH,Ethereum (ERC20),0x8e1703b42c662cdf8460af3735351ab2a3711e67,,-1,af2a6f,0xc011a73ee8576fb46f5e1c5751ca3b9fe0af2a6f,1,1,6,64,0.001,5,8,5,0
SOL,SOL,SOL,H9J4iqxRZZeDAzux33GdZqk3frX5tcGCZdGoU5tVLCzx,,-1,,,1,1,200,200,0.001,0.03,8,0.008,0
SOLO,XRP,XRP,rJn2zAPdFA193sixJwuFixRkYDUtx3apQh,501323098,-1,000000,534F4C4F00000000000000000000000000000000,1,1,1,1,0.01,0.6,8,0.3,0
SOLV,BSC,BSC,0x8e1703b42c662cdf8460af3735351ab2a3711e67,,-1,b9bc52,0xabE8E5CabE24Cb36df9540088fD7cE1175b9bc52,1,1,60,60,0.1,40,8,40,0
SOMI,BSC,BSC (BEP20),0x8e1703b42c662cdf8460af3735351ab2a3711e67,,-1,0e266F,0xa9616e5e23EC1582c2828B025bEcf3Ef610e266F,1,1,60,60,0.01,0.04,8,0.02,0
SOMI,SOMNIA,SOMNIA,0x8e1703b42c662cdf8460af3735351ab2a3711e67,,-1,,,1,1,100,3000,0.01,0.04,8,0.02,0
SONIC,SOL,SOL,H9J4iqxRZZeDAzux33GdZqk3frX5tcGCZdGoU5tVLCzx,,-1,kBdDES,SonicxvLud67EceaEzCLRnMTBqzYUUYNr93DBkBdDES,1,1,200,200,0.01,2,8,5,0
SOSO,BASE,Base Mainnet,0x8e1703b42c662cdf8460af3735351ab2a3711e67,,-1,B98831,0x624e2e7fDc8903165F64891672267AB0FCB98831,1,1,30,1800,0.001,1,8,0.5,0
SOSO,ETH,ETH,0x8e1703b42c662cdf8460af3735351ab2a3711e67,,-1,FCea2D,0x76A0e27618462bDAC7a29104bdcfFf4E6BFCea2D,1,1,6,64,0.001,100,8,50,0
SPELL,ETH,Ethereum (ERC20),0x8e1703b42c662cdf8460af3735351ab2a3711e67,,-1,37e5f6,0x090185f2135308bad17527004364ebcc2d37e5f6,1,1,6,64,0.1,3000,8,3000,0
SPK,BSC,BSC (BEP20),0x8e1703b42c662cdf8460af3735351ab2a3711e67,,-1,Bb87D7,0xAfF2e841851700D1Fc101995Ee6b81Ae21Bb87D7,1,1,60,60,0.1,20,8,10,0
SPK,ETH,Ethereum (ERC20),0x8e1703b42c662cdf8460af3735351ab2a3711e67,,-1,81b066,0xc20059e0317DE91738d13af027DfC4a50781b066,1,1,6,64,0.1,60,8,30,0
SPX,ETH,Ethereum (ERC20),0x8e1703b42c662cdf8460af3735351ab2a3711e67,,-1,b2c56C,0xE0f63A424a4439cBE457D80E4f4b51aD25b2c56C,1,1,6,64,0.001,8,8,3,0
SQD,ARBI,Arbitrum One,0x8e1703b42c662cdf8460af3735351ab2a3711e67,,-1,6f8aB1,0x1337420dED5ADb9980CFc35f8f2B054ea86f8aB1,1,1,120,3360,0.01,10,8,10,0
SSV,ETH,Ethereum (ERC20),0x8e1703b42c662cdf8460af3735351ab2a3711e67,,-1,917f54,0x9D65fF81a3c488d585bBfb0Bfe3c7707c7917f54,1,1,6,64,0.001,0.11,8,0.11,0
STABLE,STABLE,STABLE,0x8e1703b42c662cdf8460af3735351ab2a3711e67,,-1,001003,0x0000000000000000000000000000000000001003,1,1,5,10,0,60,8,30,0
STETH,ETH,Ethereum (ERC20),0x8e1703b42c662cdf8460af3735351ab2a3711e67,,-1,d7fe84,0xae7ab96520de3a18e5e111b5eaab095312d7fe84,1,1,6,64,0.000001,0.005,8,0.0027,0
STREAM,SOL,SOL,H9J4iqxRZZeDAzux33GdZqk3frX5tcGCZdGoU5tVLCzx,,-1,p1gu9M,STREAMribRwybYpMmSYoCsQUdr6MZNXEqHgm7p1gu9M,1,1,200,200,0.000001,16,6,24,0
STRK,ETH,Ethereum (ERC20),0x8e1703b42c662cdf8460af3735351ab2a3711e67,,-1,d42766,0xCa14007Eff0dB1f8135f4C25B34De49AB0d42766,1,1,6,64,0.01,10,8,10,0
STRK,STARKNET,Starknet,0x003af06793a2dbe18f766dd503500fc436fcd249a95e99be68146a4c377a743e,,-1,7c938d,0x04718f5a0fc34cc1af16a1cdee98ffb20c31f5cd61d6ab07201858f4287c938d,1,1,1500,9000,0.01,0.1,8,0.1,0
STX,STX,STX,SP27ANV45PCAG98PGFA2GVN9K7QYY1KWWS1V6RFSX,10186018,-1,,,1,1,100,300,0.01,2,6,1,0
SUI,SUI,SUI,0x4b53485baf19637218b347aa476a39ac0510958d55f78c69c4be9e244add17df,,-1,,,1,1,1,1,0.001,0.02,8,0.02,0
SUN,TRX,TRON (TRC20),TLRPtPM7UYp8MszAiUh4sSRbuMVRdnkxN8,,-1,1NvU3S,TSSMHYeV2uE9qYH95DqyoCuNCzEL1NvU3S,1,1,20,20,0.1,15,8,15,0
SUNDOG,TRX,TRON (TRC20),TLRPtPM7UYp8MszAiUh4sSRbuMVRdnkxN8,,-1,qC8MRT,TXL6rJbvmjD46zeN1JssfgxvSo99qC8MRT,1,1,20,20,0.1,3,8,2,0
SUPRA,SUPRA,SUPRA,0x76bb20f88d2e7e2c5028d8e9b71ab2a7c44c4a6a8713ddd724aed4a3f8fc2969,,-1,,,1,1,10,10,0.1,1,8,1,0
SUSHI,ETH,Ethereum (ERC20),0x8e1703b42c662cdf8460af3735351ab2a3711e67,,-1,c90fe2,0x6b3595068778dd592e39a122f4f5a5cf09c90fe2,1,1,6,64,0.01,10,8,10,0
SVL,MANTLE,Mantle Network,0x8e1703b42c662cdf8460af3735351ab2a3711e67,,-1,200000,0xabBeED1d173541e0546B38b1C0394975be200000,1,1,100,700,0.1,10,8,10,0
SWEAT,ETH,Ethereum (ERC20),0x8e1703b42c662cdf8460af3735351ab2a3711e67,,-1,883a35,0xb4b9dc1c77bdbb135ea907fd5a08094d98883a35,1,1,6,64,0.1,800,8,800,0
SWEAT,NEAR,NEAR,313abf292dd127470b0bc897d511993c2bd3b590fdb5e7ae1f3e164a24f4e958,,-1,.sweat,token.sweat,1,0,5,5,0.1,50,8,50,0
SWELL,ETH,Ethereum (ERC20),0x8e1703b42c662cdf8460af3735351ab2a3711e67,,-1,B35676,0x0a6E7Ba5042B38349e437ec6Db6214AEC7B35676,1,1,6,64,0.1,150,8,150,0
SXT,ETH,Ethereum (ERC20),0x8e1703b42c662cdf8460af3735351ab2a3711e67,,-1,AbB195,0xE6Bfd33F52d82Ccb5b37E16D3dD81f9FFDAbB195,1,1,6,64,0.1,10,8,5,0
SYND,BASE,Base Mainnet,0x8e1703b42c662cdf8460af3735351ab2a3711e67,,-1,3722B9,0x11dC28D01984079b7efE7763b533e6ed9E3722B9,1,1,30,1800,0.01,10,8,5,0
SYND,ETH,Ethereum (ERC20) ,0x8e1703b42c662cdf8460af3735351ab2a3711e67,,-1,55614E,0x1bAB804803159aD84b8854581AA53AC72455614E,1,1,6,64,0.01,30,8,15,0
TA,BSC,BSC (BEP20),0x8e1703b42c662cdf8460af3735351ab2a3711e67,,-1,11b140,0x539AE81A166E5E80aEd211731563e549c411b140,1,1,60,60,0.1,40,8,20,0
TA,LINEA,LINEA,0x8e1703b42c662cdf8460af3735351ab2a3711e67,,-1,11b140,0x539AE81A166E5E80aEd211731563e549c411b140,1,1,60,4800,0.1,40,8,20,0
TAC,TON,TON,UQBNyDB5zyARo7ozJsXgwCB6xaMxlxoYqZO67QeYcdv4CVTZ,,-1,8T7EBP,EQBE_gBrU3mPI9hHjlJoR_kYyrhQgyCFD6EUWfa42W8T7EBP,1,1,1,1,0.1,40,8,20,0
TAI,SOL,Solana,H9J4iqxRZZeDAzux33GdZqk3frX5tcGCZdGoU5tVLCzx,,-1,SP6gdD,Hax9LTgsQkze1YFychnBLtFH8gYbQKtKfWKKg2SP6gdD,1,1,200,200,0.1,1,8,18,0
TAIKO,ETH,Ethereum (ERC20),0x8e1703b42c662cdf8460af3735351ab2a3711e67,,-1,54d800,0x10dea67478c5F8C5E2D90e5E9B26dBe60c54d800,1,0,6,64,0.01,2,8,2,0
TAIKO,TAIKO,Taiko Chain,0x8e1703b42c662cdf8460af3735351ab2a3711e67,,-1,1A0975,0xA9d23408b9bA935c230493c40C73824Df71A0975,1,1,1200,4000,0.01,0.1,8,0.1,0
TEL,ETH,Ethereum (ERC20),0x8e1703b42c662cdf8460af3735351ab2a3711e67,,-1,27790f,0x467bccd9d29f223bce8043b84e8c8b282827790f,1,1,6,64,0.01,4808,2,240,0
THETA,THETA,THETA,0x8e1703b42c662cdf8460af3735351ab2a3711e67,,-1,,,1,1,12,12,0.01,0.24,8,0.12,0
TIA,CELESTIA,Celestia,celestia1wv38czvd2gtcgy4vmpx8a7jfpga5aka3lruzt3,,3000000,,,1,1,15,15,0.01,0.1,6,0.1,0
TIME,BSC,BSC (BEP20),0x8e1703b42c662cdf8460af3735351ab2a3711e67,,-1,5D7f68,0x3b198e26E473b8faB2085b37978e36c9DE5D7f68,1,1,60,60,0.0001,0.01,8,0.01,0
TIME,TON,TON,UQBNyDB5zyARo7ozJsXgwCB6xaMxlxoYqZO67QeYcdv4CVTZ,,500000000,gT5LyL,EQDu9ijk44grAHe3Dy9qYOy-hic-vJr4d1CH3HNyN-gT5LyL,1,1,1,1,0.0001,0.1,8,0.05,0
TNSR,SOL,Solana,H9J4iqxRZZeDAzux33GdZqk3frX5tcGCZdGoU5tVLCzx,,-1,nEJAS6,TNSRxcUxoT9xBG3de7PiJyTDYu7kskLqcpddxnEJAS6,1,1,200,200,0.01,1,8,8.41859561,0
TOKEN,BSC,BSC (BEP20),0x8e1703b42c662cdf8460af3735351ab2a3711e67,,-1,e2B528,0x4507cEf57C46789eF8d1a19EA45f4216bae2B528,1,1,60,60,0.1,20,8,20,0
TOKEN,ETH,Ethereum (ERC20),0x8e1703b42c662cdf8460af3735351ab2a3711e67,,-1,e2B528,0x4507cEf57C46789eF8d1a19EA45f4216bae2B528,1,1,6,64,0.1,60,8,60,0
TON,TON,TON,UQBNyDB5zyARo7ozJsXgwCB6xaMxlxoYqZO67QeYcdv4CVTZ,,-1,,,1,1,1,1,0.005,0.02,8,0.02,0
TOSHI,BASE,BASE,0x8e1703b42c662cdf8460af3735351ab2a3711e67,,-1,31B2B4,0xAC1Bd2486aAf3B5C0fc3Fd868558b082a531B2B4,1,1,30,1800,0.1,4000,8,4000,0
TOWNS,BASE,Base Mainnet,0x8e1703b42c662cdf8460af3735351ab2a3711e67,,-1,189a38,0x00000000A22C618fd6b4D7E9A335C4B96B189a38,1,1,30,1800,0.1,60,8,30,0
TOWNS,ETH,Ethereum (ERC20) ,0x8e1703b42c662cdf8460af3735351ab2a3711e67,,-1,FB4d13,0x000000Fa00b200406de700041CFc6b19BbFB4d13,1,0,6,64,0.1,200,8,100,0
TREE,ETH,Ethereum (ERC20) ,0x8e1703b42c662cdf8460af3735351ab2a3711e67,,-1,96d1f3,0x77146784315Ba81904d654466968e3a7c196d1f3,1,1,6,64,0.01,12,8,6,0
TRUMP,SOL,SOL,H9J4iqxRZZeDAzux33GdZqk3frX5tcGCZdGoU5tVLCzx,,-1,jfGiPN,6p6xgHyF7AeE6TZkSmFsko444wqoP15icUSqi2jfGiPN,1,1,200,200,0.000001,0.1,6,0.075,0
TRX,TRX,TRON (TRC20),TLRPtPM7UYp8MszAiUh4sSRbuMVRdnkxN8,,-1,,,1,1,20,20,1,1,6,1,0
TSLAX,SOL,SOL,H9J4iqxRZZeDAzux33GdZqk3frX5tcGCZdGoU5tVLCzx,,-1,sJHzoB,XsDoVfqeBukxuZHWhdvWHBhgEHjGNst4MLodqsJHzoB,1,1,200,200,0.00001,0.006,8,0.003,0
TUNA,SOL,SOL,H9J4iqxRZZeDAzux33GdZqk3frX5tcGCZdGoU5tVLCzx,,-1,oP4cyx,TUNAfXDZEdQizTMTh3uEvNvYqJmqFHZbEJt8joP4cyx,1,1,200,200,0.000001,40,6,10,0
TUSD,ETH,Ethereum (ERC20),0x8e1703b42c662cdf8460af3735351ab2a3711e67,,-1,22b376,0x0000000000085d4780B73119b644AE5ecd22b376,1,1,6,64,0.001,1,8,1,0
TUSD,TRX,TRON (TRC20),TLRPtPM7UYp8MszAiUh4sSRbuMVRdnkxN8,,-1,GjC1F4,TUpMhErZL2fhh4sVNULAbNKLokS4GjC1F4,1,0,20,20,0.001,1,8,1,0
TWT,BSC,BSC (BEP20),0x8e1703b42c662cdf8460af3735351ab2a3711e67,,-1,508003,0x4B0F1812e5Df2A09796481Ff14017e6005508003,1,1,60,60,0.001,0.07,8,0.07,0
U,ETH,Ethereum (ERC20) ,0x8e1703b42c662cdf8460af3735351ab2a3711e67,,-1,8Ba5ed,0xba5eD44733953d79717F6269357C77718C8Ba5ed,1,1,6,64,0.1,300,8,150,0
UMA,ETH,Ethereum (ERC20),0x8e1703b42c662cdf8460af3735351ab2a3711e67,,-1,2ef828,0x04fa0d235c4abf4bcf4787af4cf447de572ef828,1,1,6,64,0.001,2,8,2,0
UNI,ETH,Ethereum (ERC20),0x8e1703b42c662cdf8460af3735351ab2a3711e67,,-1,01f984,0x1f9840a85d5af5bf1d1762f925bdaddc4201f984,1,1,6,64,0.0001,0.45,8,0.45,0
USAT,ETH,Ethereum (ERC20),0x8e1703b42c662cdf8460af3735351ab2a3711e67,,-1,2A8b68,0x07041776f5007ACa2A54844F50503a18A72A8b68,1,0,6,64,0,,6,,
USD1,APTOS,APTOS,0x76bb20f88d2e7e2c5028d8e9b71ab2a7c44c4a6a8713ddd724aed4a3f8fc2969,,-1,5437d2,0x05fabd1b12e39967a3c24e91b7b8f67719a6dacee74f3c8b9fb7d93e855437d2,1,0,1,1,0.005,2,6,0,0
USD1,BSC,BSC (BEP20),0x8e1703b42c662cdf8460af3735351ab2a3711e67,,-1,f08B0d,0x8d0D000Ee44948FC98c9B98A4FA4921476f08B0d,1,0,60,60,0.005,1,6,0.5,0
USD1,ETH,Ethereum (ERC20),0x8e1703b42c662cdf8460af3735351ab2a3711e67,,-1,f08B0d,0x8d0D000Ee44948FC98c9B98A4FA4921476f08B0d,1,0,6,64,0.005,6,6,3,0
USD1,MANTLE,Mantle Network,0x8e1703b42c662cdf8460af3735351ab2a3711e67,,-1,1cdb61,0x111111d2bf19e43C34263401e0CAd979eD1cdb61,1,0,100,100,0,,6,,
USD1,SOL,SOL,H9J4iqxRZZeDAzux33GdZqk3frX5tcGCZdGoU5tVLCzx,,-1,zvEmuB,USD1ttGY1N17NEEHLmELoaybftRBUSErhqYiQzvEmuB,1,0,200,200,0.005,2,6,1,0
USD1,TRX,TRON (TRC20),TLRPtPM7UYp8MszAiUh4sSRbuMVRdnkxN8,,-1,oLR6Rc,TPFqcBAaaUMCSVRCqPaQ9QnzKhmuoLR6Rc,1,1,20,20,0.005,2,6,1,0
USDC,APTOS,APTOS,0x76bb20f88d2e7e2c5028d8e9b71ab2a7c44c4a6a8713ddd724aed4a3f8fc2969,,50000000000,b46f3b,0xbae207659db88bea0cbead6da0ed00aac12edcdda169e591cd41c94180b46f3b,1,1,1,1,0.005,1,6,0.05,0
USDC,CAVAX,AVAXC,0x8e1703b42c662cdf8460af3735351ab2a3711e67,,-1,c48a6E,0xB97EF9Ef8734C71904D8002F8b6Bc66Dd9c48a6E,1,1,30,120,0.005,1,6,1,0
USDC,ARBI,Arbitrum One,0x8e1703b42c662cdf8460af3735351ab2a3711e67,,-1,8e5831,0xaf88d065e77c8cC2239327C5EDb3A432268e5831,1,1,120,3360,0.005,1,6,1,0
USDC,BSC,BSC (BEP20),0x8e1703b42c662cdf8460af3735351ab2a3711e67,,-1,cd580d,0x8ac76a51cc950d9822d68b83fe1ad97b32cd580d,1,1,60,60,0.005,0.2,6,0.2,0
USDC,BASE,Base Mainnet,0x8e1703b42c662cdf8460af3735351ab2a3711e67,,-1,A02913,0x833589fCD6eDb6E08f4c7C32D4f71b54bdA02913,1,1,30,1800,0.005,0.5,6,0.5,0
USDC,CODEX,CODEX,0x8e1703b42c662cdf8460af3735351ab2a3711e67,,100000,5037cf,0xd996633a415985DBd7D6D12f4A4343E31f5037cf,1,1,900,900,0.005,2,6,1,0
USDC,ETH,Ethereum (ERC20),0x8e1703b42c662cdf8460af3735351ab2a3711e67,,-1,06eb48,0xa0b86991c6218b36c1d19d4a2e9eb0ce3606eb48,1,1,6,64,0.005,6,6,3,0
USDC,HBAR,HBAR,0.0.615422,10331878,-1,456858,0.0.456858,1,1,1,1,0.005,1,6,0.5,0
USDC,MONAD,MONAD,0x8e1703b42c662cdf8460af3735351ab2a3711e67,,-1,afb603,0x754704Bc059F8C67012fEd69BC8A327a5aafb603,1,1,3,10,0.005,2,6,1,0
USDC,MANTLE,Mantle Network,0x8e1703b42c662cdf8460af3735351ab2a3711e67,,-1,0D0dF9,0x09Bc4E0D864854c6aFB6eB9A9cdF58aC190D0dF9,1,1,100,700,0.005,0.3,6,0,0
USDC,OP,OP Mainnet,0x8e1703b42c662cdf8460af3735351ab2a3711e67,,-1,97Ff85,0x0b2C639c533813f4Aa9D7837CAf62653d097Ff85,1,1,30,1800,0.005,1,6,1,0
USDC,MATIC,Polygon PoS,0x8e1703b42c662cdf8460af3735351ab2a3711e67,,-1,5c3359,0x3c499c542cef5e3811e1192ce70d8cc03d5c3359,1,1,60,150,0.005,1,6,1,0
USDC,MATIC.E,Polygon(bridged),0x8e1703b42c662cdf8460af3735351ab2a3711e67,,-1,a84174,0x2791bca1f2de4661ed88a30c99a7a9449aa84174,1,1,60,150,0.005,1,6,1,0
USDC,SEIEVM,SEIEVM,0x8e1703b42c662cdf8460af3735351ab2a3711e67,,-1,f42392,0xe15fC38F6D8c56aF07bbCBe3BAf5708A2Bf42392,1,1,10,10,0.005,1,6,0.5,0
USDC,SOL,SOL,H9J4iqxRZZeDAzux33GdZqk3frX5tcGCZdGoU5tVLCzx,,-1,yTDt1v,EPjFWdd5AufqSSqeM2qN1xzybapC8G4wEGGkZwyTDt1v,1,1,200,200,0.005,1,6,1,0
USDC,SUI,SUI,0x4b53485baf19637218b347aa476a39ac0510958d55f78c69c4be9e244add17df,,-1,::USDC,0xdba34672e30cb065b1f93e3ab55318768fd6fef66c15942c9f7cb846e2f900e7::usdc::USDC,1,1,1,1,0.005,6,6,1,0
USDC,SONIC,Sonic,0x8e1703b42c662cdf8460af3735351ab2a3711e67,,-1,038894,0x29219dd400f2Bf60E5a23d13Be72B486D4038894,1,1,1,12,0.005,1,6,0.05,0
USDC,XDC,XDC,xdc059ea204e19d28a9465419bda634678d20c89a79,,20000000,Ca8eb1,0xfA2958CB79b0491CC627c1557F441eF849Ca8eb1,1,1,32,32,0.005,2,6,0,0
USDD,TRX,TRON (TRC20),TLRPtPM7UYp8MszAiUh4sSRbuMVRdnkxN8,,-1,XWv9Hz,TXDk8mbtRbXeYuMNS83CfKPaYYT8XWv9Hz,1,1,20,20,0.001,2.6,8,2.6,0
USDE,ETH,Ethereum (ERC20),0x8e1703b42c662cdf8460af3735351ab2a3711e67,,-1,1E68B3,0x4c9EDD5852cd905f086C759E8383e09bff1E68B3,1,1,6,64,0.005,7,6,3,0
USDE,MANTLE,Mantle Network,0x8e1703b42c662cdf8460af3735351ab2a3711e67,,-1,52ef34,0x5d3a1Ff2b6BAb83b63cd9AD0787074081a52ef34,1,1,100,700,0.005,1,6,0,0
USDE,TON,TON,UQBNyDB5zyARo7ozJsXgwCB6xaMxlxoYqZO67QeYcdv4CVTZ,,-1,2dzP5f,EQAIb6KmdfdDR7CN1GBqVJuP25iCnLKCvBlJ07Evuu2dzP5f,1,1,1,1,0.005,0.1,6,1,0
USDQ,ETH,Ethereum (ERC20),0x8e1703b42c662cdf8460af3735351ab2a3711e67,,50000000000,c1768b,0xc83e27f270cce0A3A3A29521173a83F402c1768b,1,1,6,64,0.005,2,6,1,0
USDR,ETH,Ethereum (ERC20),0x8e1703b42c662cdf8460af3735351ab2a3711e67,,500000000,63C8f8,0x7B43E3875440B44613DC3bC08E7763e6Da63C8f8,1,1,6,64,0.005,2,6,0.1,0
USDT,APTOS,APTOS,0x76bb20f88d2e7e2c5028d8e9b71ab2a7c44c4a6a8713ddd724aed4a3f8fc2969,,-1,c9dc2b,0x357b0b74bc833e95a115ad22604854d6b0fca151cecd94111770e5d6ffc9dc2b,1,1,1,1,0.005,0,4,0,0
USDT,CAVAX,AVAXC,0x8e1703b42c662cdf8460af3735351ab2a3711e67,,-1,F4A8c7,0x9702230A8Ea53601f5cD2dc00fDBc13d4dF4A8c7,1,1,30,120,0.005,10,4,1,0
USDT,ARBI,Arbitrum One,0x8e1703b42c662cdf8460af3735351ab2a3711e67,,-1,9fcbb9,0xfd086bc7cd5c481dcc9c85ebe478a1c0b69fcbb9,1,1,120,3360,0.005,1,4,1,0
USDT,BERA,BERA (USDT0),0x8e1703b42c662cdf8460af3735351ab2a3711e67,,-1,713736,0x779Ded0c9e1022225f8E0630b35a9b54bE713736,1,1,12,12,0.005,2,4,0,0
USDT,BSC,BSC (BEP20),0x8e1703b42c662cdf8460af3735351ab2a3711e67,,-1,197955,0x55d398326f99059ff775485246999027b3197955,1,1,60,60,0.005,10,4,1,0
USDT,CELO,CELO,0x8e1703b42c662cdf8460af3735351ab2a3711e67,,-1,483D5e,0x48065fbBE25f71C9282ddf5e1cD6D6A887483D5e,1,1,10,3600,0.005,1,4,0.5,0
USDT,CORN,CORN (USDT0),0x8e1703b42c662cdf8460af3735351ab2a3711e67,,-1,625ebb,0xB8CE59FC3717ada4C02eaDF9682A9e934F625ebb,1,1,30,600,0.005,2,4,0,0
USDT,ETH,Ethereum (ERC20),0x8e1703b42c662cdf8460af3735351ab2a3711e67,,-1,831ec7,0xdac17f958d2ee523a2206206994597c13d831ec7,1,1,6,64,0.005,6,4,3,0
USDT,HYPEREVM,HYPEREVM (USDT0),0x8e1703b42c662cdf8460af3735351ab2a3711e67,,-1,625ebb,0xB8CE59FC3717ada4C02eaDF9682A9e934F625ebb,1,1,30,30,0.005,2,4,0,0
USDT,KLAY,KAIA,0x8e1703b42c662cdf8460af3735351ab2a3711e67,,-1,3e4fdb,0xd077a400968890eacc75cdc901f0356c943e4fdb,1,1,30,120,0.005,1,4,0.5,0
USDT,KAVAEVM,KAVAEVM,0x8e1703b42c662cdf8460af3735351ab2a3711e67,,-1,69109c,0x919c1c267bc06a7039e03fcc2ef738525769109c,1,1,10,10,0.005,0.3,4,0.3,0
USDT,MONAD,MONAD(USDT0),0x8e1703b42c662cdf8460af3735351ab2a3711e67,,-1,0fC82D,0xe7cd86e13AC4309349F30B3435a9d337750fC82D,1,1,3,10,0.005,2,4,1,0
USDT,MANTLE.E,Mantle Network(Bridged),0x8e1703b42c662cdf8460af3735351ab2a3711e67,,-1,e956ae,0x201eba5cc46d216ce6dc03f6a759e8e766e956ae,1,1,100,100,0.005,0.3,4,0,0
USDT,MANTLE,Mantle Network(USDT0),0x8e1703b42c662cdf8460af3735351ab2a3711e67,,-1,713736,0x779Ded0c9e1022225f8E0630b35a9b54bE713736,1,1,100,700,0.005,0.3,4,0,0
USDT,OP,OP Mainnet,0x8e1703b42c662cdf8460af3735351ab2a3711e67,,-1,e58e58,0x94b008aA00579c1307B0EF2c499aD98a8ce58e58,1,1,30,1800,0.005,1,4,1,0
USDT,PLASMA,Plasma (USDT0),0x8e1703b42c662cdf8460af3735351ab2a3711e67,,-1,625ebb,0xB8CE59FC3717ada4C02eaDF9682A9e934F625ebb,1,1,10,10,0.005,2,4,0,0
USDT,MATIC,Polygon PoS,0x8e1703b42c662cdf8460af3735351ab2a3711e67,,-1,b58e8f,0xc2132d05d31c914a87c6611c10748aeb04b58e8f,1,1,60,150,0.005,1,4,1,0
USDT,SOL,SOL,H9J4iqxRZZeDAzux33GdZqk3frX5tcGCZdGoU5tVLCzx,,-1,enwNYB,Es9vMFrzaCERmJfrF4H2FYD4KCoNkY11McCe8BenwNYB,1,1,200,200,0.005,10,4,1,0
USDT,TON,TON,UQBNyDB5zyARo7ozJsXgwCB6xaMxlxoYqZO67QeYcdv4CVTZ,,-1,Id_sDs,EQCxE6mUtQJKFnGfaROTKOt1lZbDiiX1kCixRv7Nw2Id_sDs,1,1,1,1,0.005,1,4,0.3,0
USDT,TRX,TRON (TRC20),TLRPtPM7UYp8MszAiUh4sSRbuMVRdnkxN8,,-1,gjLj6t,TR7NHqjeKQxGTCi8q8ZY4pL8otSzgjLj6t,1,1,20,20,0.005,2.6,4,1,0
USDTB,ETH,ETH,0x8e1703b42c662cdf8460af3735351ab2a3711e67,,-1,18aC1C,0xC139190F447e929f090Edeb554D95AbB8b18aC1C,1,1,6,64,0.005,6,8,3,0
USDY,ETH,Ethereum (ERC20),0x8e1703b42c662cdf8460af3735351ab2a3711e67,,-1,CB985C,0x96F6eF951840721AdBF46Ac996b59E0235CB985C,1,1,6,64,0.001,6,8,3,0
USDY,MANTLE,Mantle Network,0x8e1703b42c662cdf8460af3735351ab2a3711e67,,-1,57c5A6,0x5bE26527e817998A7206475496fDE1E68957c5A6,1,1,100,700,0.001,1,8,0,0
USTC,BSC,BSC (BEP20),0x8e1703b42c662cdf8460af3735351ab2a3711e67,,-1,49d6fc,0x23396cf899ca06c4472205fc903bdb4de249d6fc,1,0,60,60,0.000001,1,6,1,0
USTC,ETH,Ethereum (ERC20),0x8e1703b42c662cdf8460af3735351ab2a3711e67,,-1,661acd,0xa47c8bf37f92abed4a126bda807a7b7498661acd,1,1,6,64,0.000001,25,6,25,0
USTC,LUNA,Terra Classic,terra1djhrh9dgxqmqytfvtv733vvkset37p3qfnv7nf,,-1,,,1,1,30,30,0.000001,100,6,0.05,0.005
UXLINK,ETH,Ethereum (ERC20) ,0x8e1703b42c662cdf8460af3735351ab2a3711e67,,-1,61Fef3,0x3991B07b2951a4300Da8c76e7d2c7eddE861Fef3,1,1,6,64,0.1,60,8,30,0
VANA,VANA,VANA,0x8e1703b42c662cdf8460af3735351ab2a3711e67,,-1,,,1,1,16,16,0.001,0.1,8,0.06,0
VANRY,ETH,Ethereum (ERC20),0x8e1703b42c662cdf8460af3735351ab2a3711e67,,-1,bb8624,0x8DE5B80a0C1B02Fe4976851D030B36122dbb8624,1,1,6,64,0.1,100,8,100,0
VELO,BSC,BSC (BEP20),0x8e1703b42c662cdf8460af3735351ab2a3711e67,,-1,f6fd46,0xf486ad071f3bEE968384D2E39e2D8aF0fCf6fd46,1,1,60,60,0.1,100,7,100,0
VELO,XLM,XLM,GDT7ARDYZRBXXYOCSQ3MUMISTITSSRWZI6KR2A5L5Q3KB4QIZHGYMTIH,11498127,-1,RM2M5M,VELO:GDM4RQUQQUVSKQA7S6EM7XBZP3FCGH4Q7CL6TABQ7B2BEJ5ERARM2M5M,1,1,1,1,0.1,1,7,0,0
VENOM,ETH,Ethereum (ERC20),0x8e1703b42c662cdf8460af3735351ab2a3711e67,,-1,8D87C9,0x46F84DC6564Cdd93922F7BFb88B03D35308D87C9,1,1,6,64,0.01,30,8,30,0
VENOM,VENOM,VENOM,0:7e943857927b29682594e54424f98ed3d4e4aa4f2c2b6b4ad5fb9f9964b1b21b,,-1,,,1,1,50,50,0.01,0.1,8,0.1,0
VET,VECHAIN,VeChain,0x8e1703b42c662cdf8460af3735351ab2a3711e67,,50000000000,,,1,1,12,12,0.1,120,8,60,0
VIC,VIC,Viction,0x8e1703b42c662cdf8460af3735351ab2a3711e67,,-1,,,1,1,100,200,0.01,0.5,8,0.5,0
VINU,BSC,BSC (BEP20),0x8e1703b42c662cdf8460af3735351ab2a3711e67,,-1,98F0aa,0xfEbe8C1eD424DbF688551D4E2267e7A53698F0aa,1,1,60,60,0.1,10000000,8,10000000,0
VIRTUAL,BASE,BASE,0x8e1703b42c662cdf8460af3735351ab2a3711e67,,-1,4e7E1b,0x0b3e328455c4059EEb9e3f84b5543F74E24e7E1b,1,1,30,1800,0.005,0.3,8,0.3,0
VIRTUAL,SOL,SOL,H9J4iqxRZZeDAzux33GdZqk3frX5tcGCZdGoU5tVLCzx,,-1,Zfyr9y,3iQL8BFS2vE7mww4ehAqQHAsbmRNCrPxizWAT2Zfyr9y,1,0,200,200,0.001,1.4,8,0.7,0
VOOI,BSC,BSC (BEP20),0x8e1703b42c662cdf8460af3735351ab2a3711e67,,-1,BCF341,0x876cEcb73c9ED1B1526F8e35C6a5a51a31BCF341,1,1,60,60,0,20,8,10,0
VOOI,ETH,Ethereum (ERC20),0x8e1703b42c662cdf8460af3735351ab2a3711e67,,-1,07A481,0xb31561F0e2aaC72406103b1926356D756F07A481,1,1,6,64,0,20,8,10,0
VOOI,MANTLE,Mantle Network,0x8e1703b42c662cdf8460af3735351ab2a3711e67,,-1,5A09f1,0xd81a4aDea9932a6BDba0bDBc8C5Fd4C78e5A09f1,1,0,100,100,0,20,8,0,0
VRA,ETH,Ethereum (ERC20),0x8e1703b42c662cdf8460af3735351ab2a3711e67,,-1,507255,0xf411903cbc70a74d22900a5de66a2dda66507255,1,1,6,64,0.1,2000,8,2000,0
VTHO,VECHAIN,VeChain,0x8e1703b42c662cdf8460af3735351ab2a3711e67,,5000000000,726779,0x0000000000000000000000000000456E65726779,1,1,12,12,0.1,400,8,200,0
VVV,BASE,Base Mainnet,0x8e1703b42c662cdf8460af3735351ab2a3711e67,,50000000000,cC21bf,0xacfE6019Ed1A7Dc6f7B508C02d1b04ec88cC21bf,1,1,30,1800,0.001,1,8,0.5,0
W,SOL,SOL,H9J4iqxRZZeDAzux33GdZqk3frX5tcGCZdGoU5tVLCzx,,6000000,stQAmQ,85VBFQZC9TZkfaptBWjvUw7YbZjy52A6mjtPGjstQAmQ,1,1,200,200,0.000001,3.3,6,10,0
WAL,SUI,SUI,0x4b53485baf19637218b347aa476a39ac0510958d55f78c69c4be9e244add17df,,50000000000,l::WAL,0x356a26eb9e012a68958082340d4c4116e7f55615cf27affcff209cf0ae544f59::wal::WAL,1,1,1,1,0.01,40,8,2,0
WAVES,WAVES,Waves,3P2EqW4diRRVEuiHD113LgrBMGJq2z5syWg,,-1,,,1,1,50,100,0.001,0.402,8,0.002,0
WAXP,WAXP,WAX,bybitwaxonly,10051674,-1,,,1,1,1,1,0.1,2,8,2,0
WBTC,ETH,Ethereum (ERC20),0x8e1703b42c662cdf8460af3735351ab2a3711e67,,-1,c2c599,0x2260fac5e5542a773aa44fbcfedf7c193bc2c599,1,1,6,64,0.000001,0.0001,8,0.0001,0
WBTC,MANTLE,Mantle Network,0x8e1703b42c662cdf8460af3735351ab2a3711e67,,-1,aebfa2,0xcabae6f6ea1ecab08ad02fe02ce9a44f09aebfa2,1,1,100,700,0.000001,0.00001,8,0,0
WCT,ETH,Ethereum (ERC20),0x8e1703b42c662cdf8460af3735351ab2a3711e67,,-1,927945,0xeF4461891DfB3AC8572cCf7C794664A8DD927945,1,0,6,64,0.01,10,8,5,0
WCT,OP,OP Mainnet,0x8e1703b42c662cdf8460af3735351ab2a3711e67,,500000000,927945,0xeF4461891DfB3AC8572cCf7C794664A8DD927945,1,1,100,100,0.01,4,8,2,0
WCT,SOL,SOL,H9J4iqxRZZeDAzux33GdZqk3frX5tcGCZdGoU5tVLCzx,,-1,BuYTBY,WCTk5xWdn5SYg56twGj32sUF3W4WFQ48ogezLBuYTBY,1,1,200,200,0.01,6,8,6,0
WEETH,ETH,Ethereum (ERC20),0x8e1703b42c662cdf8460af3735351ab2a3711e67,,-1,59b7ee,0xCd5fE23C85820F7B72D0926FC9b05b43E359b7ee,1,1,6,64,0.000001,0.0027,8,0.0027,0
WEMIX,WEMIX,WEMIX,0x8e1703b42c662cdf8460af3735351ab2a3711e67,,-1,,,1,1,60,60,0.01,0.8,8,0.8,0
WEN,SOL,Solana,H9J4iqxRZZeDAzux33GdZqk3frX5tcGCZdGoU5tVLCzx,,-1,p3LCpk,WENWENvqqNya429ubCdR81ZmD69brwQaaBYY6p3LCpk,1,1,200,200,0.00001,300000,5,150000,0
WET,SOL,SOL,H9J4iqxRZZeDAzux33GdZqk3frX5tcGCZdGoU5tVLCzx,,-1,BuRZ2U,WETZjtprkDMCcUxPi9PfWnowMRZkiGGHDb9rABuRZ2U,1,1,200,200,0,40,6,20,0
WHITEWHALE,SOL,SOL,H9J4iqxRZZeDAzux33GdZqk3frX5tcGCZdGoU5tVLCzx,,-1,wppump,a3W4qutoEJA4232T2gwZUfgYJTetr96pU4SJMwppump,1,1,200,200,0,24,6,12,0
WIF,SOL,Solana,H9J4iqxRZZeDAzux33GdZqk3frX5tcGCZdGoU5tVLCzx,,-1,65zcjm,EKpQGSJtjMFqKZ9KQanSqYXRcF8fBopzLHYxdM65zcjm,1,1,200,200,0.000001,0.6,6,0.9,0
WLD,ETH,Ethereum (ERC20),0x8e1703b42c662cdf8460af3735351ab2a3711e67,,-1,318753,0x163f8C2467924be0ae7B5347228CABF260318753,1,1,6,64,0.001,1.5,8,1.5,0
WLD,OP,OP Mainnet,0x8e1703b42c662cdf8460af3735351ab2a3711e67,,-1,6226F1,0xdC6fF44d5d932Cbd77B52E5612Ba0529DC6226F1,1,1,30,1800,0.001,0.2,8,0.2,0
WLFI,ETH,Ethereum (ERC20) ,0x8e1703b42c662cdf8460af3735351ab2a3711e67,,-1,7CBeF6,0xdA5e1988097297dCdc1f90D4dFE7909e847CBeF6,1,1,6,64,0.000001,30,6,15,0
WLFI,SOL,SOL,H9J4iqxRZZeDAzux33GdZqk3frX5tcGCZdGoU5tVLCzx,,-1,7oC16g,WLFinEv6ypjkczcS83FZqFpgFZYwQXutRbxGe7oC16g,1,1,200,200,0.000001,10,6,5,0
WMNT,MANTLE,Mantle Network,0x8e1703b42c662cdf8460af3735351ab2a3711e67,,-1,7f4cb8,0x78c1b0C915c4FAA5FffA6CAbf0219DA63d7f4cb8,1,1,100,700,0.001,0.5,8,0,0
WOO,ETH,Ethereum (ERC20),0x8e1703b42c662cdf8460af3735351ab2a3711e67,,-1,945d4b,0x4691937a7508860f876c9c0a2a617e7d9e945d4b,1,1,6,64,0.1,40,8,20,0
X,TON,TON,UQBNyDB5zyARo7ozJsXgwCB6xaMxlxoYqZO67QeYcdv4CVTZ,,-1,TOo__X,EQB4zZusHsbU2vVTPqjhlokIOoiZhEdCMT703CWEzhTOo__X,1,1,1,1,0.1,10000,8,1000,0
XAI,ARBI,Arbitrum One,0x8e1703b42c662cdf8460af3735351ab2a3711e67,,-1,8C9D66,0x4Cb9a7AE498CEDcBb5EAe9f25736aE7d428C9D66,1,0,120,3360,0.1,1,8,1,0
XAI,XAI,XAI,0x8e1703b42c662cdf8460af3735351ab2a3711e67,,-1,,,1,1,140,6000,0.1,0.2,8,0.1,0
XAN,ETH,Ethereum (ERC20) ,0x8e1703b42c662cdf8460af3735351ab2a3711e67,,-1,3Cf8e7,0xCEDbEA37C8872c4171259Cdfd5255CB8923Cf8e7,1,1,6,64,0.1,120,8,60,0
XAUT,ETH,Ethereum (ERC20),0x8e1703b42c662cdf8460af3735351ab2a3711e67,,200000,782F38,0x68749665FF8D2d112Fa859AA293F07A622782F38,1,1,6,64,0.000001,0.002,6,0.001,0
XAUT,MONAD,MONAD,0x8e1703b42c662cdf8460af3735351ab2a3711e67,,-1,bC1071,0x01bFF41798a0BcF287b996046Ca68b395DbC1071,1,0,3,10,0,0.0003,6,0.0003,0
XAUT,MANTLE,Mantle Network,0x8e1703b42c662cdf8460af3735351ab2a3711e67,,-1,82F58E,0x6199CCd9273A1E0e41e2cC18d9dAcd1E9382F58E,1,1,100,100,0.000001,0.0004,6,0,0
XAUT,SOL,SOL,H9J4iqxRZZeDAzux33GdZqk3frX5tcGCZdGoU5tVLCzx,,-1,zLpU9P,AymATz4TCL9sWNEEV9Kvyz45CHVhDZ6kUgjTJPzLpU9P,1,1,200,200,0.000001,0.0004,6,0.0002,0
XAUT,TON,TON,UQBNyDB5zyARo7ozJsXgwCB6xaMxlxoYqZO67QeYcdv4CVTZ,,-1,dKxi9k,EQA1R_LuQCLHlMgOo1S4G7Y7W1cd0FrAkbA10Zq7rddKxi9k,1,1,1,1,0.000001,0.0003,6,0.0003,0
XAVA,CAVAX,AVAXC,0x8e1703b42c662cdf8460af3735351ab2a3711e67,,-1,166fc4,0xd1c3f94de7e5b45fa4edbba472491a9f4b166fc4,1,1,30,120,0.01,0.2,8,0.2,0
XDC,XDC,XDC,xdc059ea204e19d28a9465419bda634678d20c89a79,,-1,,,1,1,32,32,0.01,13,8,6.5,0
XEM,NEM,NEM,NCDZDXLTPSSHGWDGBWCNC67GDM7VU6ZQM4KJLXWZ,10017186,-1,,,1,1,10,10,0.000001,4,6,4,0
XION,XION,XION,xion12gp2q7rfvyux3gew2hnu7f2wefsmsamqrm4p4e,10772968,-1,,,1,1,10,10,0.000001,0.15,6,0.15,0
XLM,XLM,Stellar Lumens,GDT7ARDYZRBXXYOCSQ3MUMISTITSSRWZI6KR2A5L5Q3KB4QIZHGYMTIH,11498127,-1,,,1,1,1,1,0.01,8,7,0.02,0
XO,SUI,SUI,0x4b53485baf19637218b347aa476a39ac0510958d55f78c69c4be9e244add17df,,-1,xo::XO,0x90f9eb95f62d31fbe2179313547e360db86d88d2399103a94286291b63f469ba::xo::XO,1,1,1,1,0.1,4,8,2,0
XPL,PLASMA,PLASMA,0x8e1703b42c662cdf8460af3735351ab2a3711e67,,-1,,,1,1,10,10,0.01,1,8,0.5,0
XRP,XRP,XRP,rJn2zAPdFA193sixJwuFixRkYDUtx3apQh,501323098,-1,,,1,1,1,1,0.01,1.2,6,0.2,0
XTER,BSC,BSC,0x8e1703b42c662cdf8460af3735351ab2a3711e67,,-1,DA1ca5,0x103071Da56e7cD95b415320760D6a0dDC4DA1ca5,1,1,60,60,0.1,25,8,25,0
XTZ,XTZ,XTZ,tz1XG1ajeF7FDwVg2WvS86KBB6Z8VwYW868x,,-1,,,1,1,10,60,0.000001,0.01,6,0.01,0
XUSD,BSC,BSC (BEP20),0x8e1703b42c662cdf8460af3735351ab2a3711e67,,-1,3bfcB9,0xF81aC2E1A0373ddE1BcE01E2Fe694a9b7E3bfcB9,1,1,60,60,0.005,1,6,1,0
XUSD,ETH,Ethereum (ERC20) ,0x8e1703b42c662cdf8460af3735351ab2a3711e67,,-1,7c2815,0xC08e7E23C235073C6807C2EFE7021304cb7c2815,1,1,6,64,0.005,3,6,3,0
YB,ETH,Ethereum (ERC20) ,0x8e1703b42c662cdf8460af3735351ab2a3711e67,,-1,c045fF,0x01791F726B4103694969820be083196cC7c045fF,1,1,6,64,0.01,6,8,3,0
YFI,ETH,Ethereum (ERC20),0x8e1703b42c662cdf8460af3735351ab2a3711e67,,-1,6ad93e,0x0bc529c00c6401aef6d220be8c6ea1667f6ad93e,1,1,6,64,0.000001,0.00033,8,0.00033,0
ZBT,BSC,BSC (BEP20),0x8e1703b42c662cdf8460af3735351ab2a3711e67,,-1,777777,0xfAB99fCF605fD8f4593EDb70A43bA56542777777,1,1,60,60,0.01,6,8,3,0
ZBT,ETH,Ethereum (ERC20) ,0x8e1703b42c662cdf8460af3735351ab2a3711e67,,-1,777777,0xfAB99fCF605fD8f4593EDb70A43bA56542777777,1,1,6,64,0.01,18,8,9,0
ZEN,BASE,Base Mainnet,0x8e1703b42c662cdf8460af3735351ab2a3711e67,,-1,179229,0xf43eB8De897Fbc7F2502483B2Bef7Bb9EA179229,1,1,30,1800,0.0001,0.2,8,0.1,0
ZENT,ETH,Ethereum (ERC20),0x8e1703b42c662cdf8460af3735351ab2a3711e67,,-1,381BFa,0xdBB7a34Bf10169d6d2D0d02A6cbb436cF4381BFa,1,1,6,64,0.1,30,8,30,0
ZEREBRO,SOL,SOL,H9J4iqxRZZeDAzux33GdZqk3frX5tcGCZdGoU5tVLCzx,,-1,eSo2Wn,8x5VqbHA8D7NkD52uNuS5nnt3PwA8pLD34ymskeSo2Wn,1,1,200,200,0.000001,25,6,35,0
ZETA,ZETA,ZetaChain,zeta1zv2jfqs05xrj4ylsq853wala582kq0qhc329am,10053396,-1,,,1,1,10,10,0.000000000000000001,2,8,1,0
ZETA,ZETAEVM,ZetaChain EVM,0x8e1703b42c662cdf8460af3735351ab2a3711e67,,-1,,,1,1,10,10,0.01,1,8,0.5,0
ZEX,SOL,SOL,H9J4iqxRZZeDAzux33GdZqk3frX5tcGCZdGoU5tVLCzx,,-1,NadWPo,ZEXy1pqteRu3n13kdyh4LwPQknkFk3GzmMYMuNadWPo,1,1,200,200,0.000001,30,6,30,0
ZIG,ETH,Ethereum (ERC20),0x8e1703b42c662cdf8460af3735351ab2a3711e67,,-1,a94f01,0xb2617246d0c6c0087f18703d576831899ca94f01,1,1,6,64,0.01,35,6,35,0
ZIG,ZIG,ZIG,zig1tp6xtemupu9e9wk3xka9ew66qzhwa2vf2q24m8,,-1,,,1,1,3,20,0.01,30,6,15,0
ZIL,ZIL,ZIL,zil1nk3nfjermvnc2pa87u3gq9pd3hncz8avzxhp5e,,-1,,,1,1,15,15,0.1,0.4,8,0.2,0
ZK,ZKV2,ZKsync Era,0x8e1703b42c662cdf8460af3735351ab2a3711e67,,-1,7Eaf3E,0x5A7d6b2F92C77FAD6CCaBd7EE0624E64907Eaf3E,1,1,100,30000,0.1,0.5,8,1,0
ZKC,ETH,Ethereum (ERC20) ,0x8e1703b42c662cdf8460af3735351ab2a3711e67,,-1,F55555,0x000006c2A22ff4A44ff1f5d0F2ed65F781F55555,1,1,6,64,0.01,6,8,3,0
ZKJ,BSC,BSC (BEP20),0x8e1703b42c662cdf8460af3735351ab2a3711e67,,-1,302e81,0xC71B5F631354BE6853eFe9C3Ab6b9590F8302e81,1,0,60,60,0.01,0.2,8,0.2,0
ZKJ,ETH,Ethereum (ERC20),0x8e1703b42c662cdf8460af3735351ab2a3711e67,,-1,302e81,0xC71B5F631354BE6853eFe9C3Ab6b9590F8302e81,1,1,6,64,0.01,4,8,4,0
ZKP,BSC,BSC (BEP20),0x8e1703b42c662cdf8460af3735351ab2a3711e67,,-1,c231a3,0xd89B7dD376E671c124352267516BEF1C2cc231a3,1,1,60,60,0,12,8,6,0
ZKP,BASE,Base Mainnet,0x8e1703b42c662cdf8460af3735351ab2a3711e67,,-1,bF0065,0xc6C1BE6C6D828f9Cea70F1B8351879510fbF0065,1,0,30,1800,0,12,8,6,0
ZKP,ETH,Ethereum (ERC20),0x8e1703b42c662cdf8460af3735351ab2a3711e67,,-1,8c8Dbc,0xe1Be424F442D0687129128C6c38aAce44F8c8Dbc,1,1,6,64,0,36,8,18,0
ZORA,BASE,Base Mainnet,0x8e1703b42c662cdf8460af3735351ab2a3711e67,,500000000,0aFc69,0x1111111111166b7FE7bd91427724B487980aFc69,1,1,30,1800,0.01,20,8,10,0
ZRC,ETH,Ethereum (ERC20),0x8e1703b42c662cdf8460af3735351ab2a3711e67,,-1,44D162,0xfd418e42783382E86Ae91e445406600Ba144D162,1,1,6,64,0.1,90,8,90,0
ZRC,ZIRCUIT,ZIRCUIT,0x8e1703b42c662cdf8460af3735351ab2a3711e67,,-1,44D162,0xfd418e42783382E86Ae91e445406600Ba144D162,1,0,150,1800,0.1,15,8,15,0
ZRO,CAVAX,AVAX-C Chain,0x8e1703b42c662cdf8460af3735351ab2a3711e67,,-1,3271cd,0x6985884C4392D348587B19cb9eAAf157F13271cd,1,1,30,120,0.001,0.1,8,0.1,0
ZRO,ARBI,Arbitrum One,0x8e1703b42c662cdf8460af3735351ab2a3711e67,,-1,3271cd,0x6985884C4392D348587B19cb9eAAf157F13271cd,1,0,120,3360,0.001,0.1,8,0.1,0
ZRO,BASE,BASE,0x8e1703b42c662cdf8460af3735351ab2a3711e67,,-1,3271cd,0x6985884C4392D348587B19cb9eAAf157F13271cd,1,1,30,1800,0.001,1,8,1,0
ZRO,BSC,BSC,0x8e1703b42c662cdf8460af3735351ab2a3711e67,,-1,3271cd,0x6985884C4392D348587B19cb9eAAf157F13271cd,1,0,60,60,0.001,,8,,
ZRO,ETH,Ethereum (ERC20),0x8e1703b42c662cdf8460af3735351ab2a3711e67,,-1,3271cd,0x6985884C4392D348587B19cb9eAAf157F13271cd,1,1,6,64,0.001,1,8,1,0
ZRO,OP,OP Mainnet,0x8e1703b42c662cdf8460af3735351ab2a3711e67,,-1,3271cd,0x6985884C4392D348587B19cb9eAAf157F13271cd,1,1,30,1800,0.001,0.1,8,0.1,0
ZRO,MATIC,Polygon PoS,0x8e1703b42c662cdf8460af3735351ab2a3711e67,,-1,3271cd,0x6985884C4392D348587B19cb9eAAf157F13271cd,1,0,60,150,0.001,,8,,
ZRX,ETH,Ethereum (ERC20),0x8e1703b42c662cdf8460af3735351ab2a3711e67,,-1,99f498,0xe41d2489571d322189246dafa5ebde1f4699f498,1,1,6,64,0.01,10,8,10,0
